entity_id,tx_cnt,amt_mean,amt_median,amt_std,amt_skew,amt_kurt,amt_q025,amt_q05,amt_q95,amt_q975,ref_count,ref_vol,acq_curr_differs,uniq_curr,loc_cur_ratio,dates_spread,uniq_days,holiday_ratio,weekend_ratio,uniq_pans_ratio,non_loc_pans_ratio,tx_online_ratio,vol_chg_q2,vol_chg_q3,vol_chg_q4,ref_pct,ref_vol_pct,vel_purch_cnt,vel_purch_vol,vel_ref_cnt,vel_ref_vol,num_outlets
EID-1000,6470,7.242018547140623,6.44,4.485228259115642,4.756882989157522,69.30266611838222,2.17,2.6860000000000035,15.340999999999985,18.249249999999975,0.0,0.0,0.0,1,1.0,125,125,0.033075734157650694,0.25734157650695516,0.38608964451313754,0.051362201959346265,0.0001545595054095827,0.0,18.772293490080326,-0.1979866894598229,0.0,0.0,51.76,374.8468799999987,0.0,0.0,1
EID-1009,92595,8.385648901128459,5.37,8.522884021708588,3.112332714626851,24.285752582671176,1.48,1.97,27.14,30.68,0.0,0.0,0.0,1,1.0,329,329,0.03571467141854312,0.2793347372968303,0.4598304444084454,0.11954085733540898,0.00028079269938981584,-0.0007505213242976483,0.021374593981946965,-0.4970783946817492,0.0,0.0,281.4437689969605,2360.088632218813,0.0,0.0,21
EID-1091,3034,53.12301252471986,46.2,34.7028486886926,1.8101423855063759,5.896357532106968,10.978250000000001,12.57,116.51099999999995,137.60749999999987,0.0,0.0,0.0,1,1.0,67,67,0.028345418589321027,0.3938694792353329,0.8546473302570864,0.19093169089149598,0.0006591957811470006,0.0,0.0,0.0,0.0,0.0,45.28358208955224,2405.600298507464,0.0,0.0,2
EID-1095,1074,7.265474860335185,5.85,7.301510957510633,10.499375698975273,137.6794491907455,4.32,4.44,10.250499999999997,13.345499999999971,0.0,0.0,0.0,1,1.0,329,267,0.0111731843575419,0.08659217877094973,0.4553072625698324,0.14875558745912354,0.0,-0.3872157091405971,-0.29575413893360736,-0.412384078393374,0.0,0.0,3.264437689969605,23.717689969604827,0.0,0.0,3
EID-1117,5,17.926,22.15,10.009322154871429,-1.0895169874349495,-0.047058998796941864,3.667,4.724,26.106,26.193,0.0,0.0,0.0,1,1.0,237,2,0.2,0.8,1.0,0.0,0.0,0.0,4.800455235204856,0.0,0.0,0.0,0.02109704641350211,0.3781856540084388,0.0,0.0,5
EID-1138,41108,7.7940486036783785,6.7,6.744432364556986,41.29087744391182,3175.4978756203454,3.31,4.0,16.13,19.15649999999994,0.0,0.0,0.0,1,1.0,329,329,0.03714605429600078,0.2895786708183322,0.3725308942298336,0.04833598674032025,2.4326165223314197e-05,0.013230385959972724,0.004166922172680332,-0.3754330779503787,0.0,0.0,124.94832826747721,973.8533434650783,0.0,0.0,1
EID-1147,102321,7.272521965187973,5.63,13.774769193993736,29.780603465066,1850.2997355618263,2.57,3.3,12.86,16.73,6.0,781.3999999999999,0.0,1,1.0,329,329,0.020846160612191047,0.14581561947205363,0.3125458117102061,0.2353295974665941,0.007838078204865082,-0.014783307773309606,-0.12428872334778507,-0.37552567019833927,5.8635550734410276e-05,0.0010489813899371263,311.0060790273556,2261.7985410334304,0.0182370820668693,2.375075987841945,31
EID-1215,660,143.97004545454553,40.235,264.61931972022313,4.587755570981145,29.255599625502605,15.1995,16.197499999999998,586.6029999999998,787.8237499999999,0.0,0.0,0.0,1,1.0,328,251,0.045454545454545456,0.3712121212121212,0.8575757575757575,0.03603076216712575,0.0,-0.11355561964831973,0.9349580573292064,-0.48052154257518565,0.0,0.0,2.0121951219512195,289.69582317073184,0.0,0.0,6
EID-1263,228200,7.438702541630383,6.67,10.156476452887038,22.787312507669217,799.2192218542823,2.19,2.53,13.17,15.8,0.0,0.0,0.0,1,1.0,328,225,0.0,0.0,0.13772129710780018,0.09814353919444241,0.0022655565293602103,0.09021926009706838,0.01106444929634054,-0.4371614597581044,0.0,0.0,695.7317073170732,5175.341219512358,0.0,0.0,6
EID-1264,77532,6.6375197337875775,5.55,10.560295006445973,33.890543879312524,1871.892744671137,1.84,2.2,12.26449999999997,14.75,0.0,0.0,0.0,1,1.0,328,225,0.0,0.0,0.11455914977041738,0.10300247679343477,0.0018315018315018315,0.06094408946954055,0.008898454193881244,-0.3913359466883298,0.0,0.0,236.3780487804878,1568.9639634146904,0.0,0.0,4
EID-1270,5818263,10.30896950688687,7.23,14.05017841979642,180.69262659166196,98633.61408752667,2.59,3.03,33.52,36.84,1065.0,25880.720000000125,0.0,1,1.0,329,329,0.03303477343667689,0.26086204765924126,0.15627292887928923,0.21070504398504364,0.030656400372413555,0.048170482195572184,0.05768347067683299,-0.36097484505812794,0.000183010821868092,0.000431300933992825,17684.689969604864,182310.9296354046,3.237082066869301,78.66480243161132,196
EID-1277,23394,7.369407112934785,6.45,6.091458774967142,25.77915435134158,1518.383809486463,2.2,3.55,15.103499999999984,18.703499999999984,0.0,0.0,0.0,1,1.0,329,329,0.027571172095409078,0.27502778490211166,0.4070701889373344,0.12060151319170465,4.274600324869625e-05,0.09819507827081986,0.7909950409066191,-0.3649458756682511,0.0,0.0,71.1063829787234,524.0118844984692,0.0,0.0,2
EID-1296,22172,7.935968338444904,6.96,7.243037682015686,30.243913588333932,1558.367806642012,3.003749999999999,4.07,15.954500000000007,19.447249999999986,0.0,0.0,0.0,1,1.0,329,329,0.022776474833122857,0.2021919538156233,0.4307234349630164,0.12990712745244093,0.0002706115821757171,-0.023020430642434087,0.028249592311975213,-0.37926203575892614,0.0,0.0,67.3920972644377,534.8215501519769,0.0,0.0,1
EID-1304,23165,7.847266565939996,6.91,4.262898118389305,2.3923788348384147,13.711933704840103,3.31,4.01,15.857999999999992,18.807999999999954,0.0,0.0,0.0,1,1.0,329,327,0.037686164472264194,0.3380962659184114,0.41377077487589037,0.03713365145891456,4.316857327865314e-05,0.10721055299038595,0.015212289685671676,-0.34026386116908824,0.0,0.0,70.41033434650456,552.5286626139817,0.0,0.0,1
EID-1352,576,296.7209027777777,17.515,838.9391224332647,8.518531798393239,96.88657802490594,3.69,4.8475,1077.8374999999999,1753.68625,0.0,0.0,0.0,1,1.0,329,181,0.022569444444444444,0.1371527777777778,0.7361111111111112,0.01258680555555558,1.0,0.18766266849864355,0.26915312116275425,-0.08287912505047967,0.0,0.0,1.750759878419453,519.4870516717324,0.0,0.0,29
EID-1364,258499,3.70755999056058,3.1,10.510003693330733,113.42072300175352,21034.95947697055,0.87,0.96,7.51,9.53,0.0,0.0,0.0,1,1.0,329,303,0.0015241838459723249,0.012959431177683473,0.12622099118371832,0.10536114408907415,1.1605460756134453e-05,0.1513202001716072,-0.028624017151713033,-0.5458164529388773,0.0,0.0,785.7112462006079,2913.0715805468676,0.0,0.0,5
EID-1397,28948,8.165526461240823,7.12,4.576533519532275,2.755468222710971,32.420429758644765,2.58,3.99,16.93,19.846500000000013,0.0,0.0,0.0,1,1.0,329,329,0.03433743263783336,0.33052369766477824,0.4391667818156695,0.03881258359440509,0.0,0.017130337660465456,-0.040379520221731524,-0.4212599578798778,0.0,0.0,87.98784194528875,718.4670516717306,0.0,0.0,1
EID-1427,44644,8.564119254546936,8.18,3.048864886376715,11.858648871247413,411.319053986936,6.62,6.66,12.65,14.67,0.0,0.0,0.0,1,1.0,328,225,0.0,0.0,0.20293880476659798,0.11010988234282248,0.0,0.009814780767579245,0.0883215469496561,-0.41927083286888256,0.0,0.0,136.109756097561,1165.6601829268093,0.0,0.0,2
EID-1437,24300,22.718357201646242,18.92,14.995660855609547,1.4798635179004378,3.9199167542396833,3.6,4.33,51.19,60.266749999999845,0.0,0.0,0.0,1,1.0,229,225,0.07958847736625514,0.4046502057613169,0.5452674897119342,0.08041700621517711,4.11522633744856e-05,3.208510352746882,-0.33668896040398766,-0.4708481375424357,0.0,0.0,106.11353711790393,2410.7252401746887,0.0,0.0,75
EID-1440,2644,42.966622541603726,38.394999999999996,27.522616218913438,5.040859242734585,62.578780630870064,10.3415,15.443,84.451,102.64924999999977,0.0,0.0,0.0,1,1.0,312,311,0.06089258698940998,0.4145234493192133,0.7208774583963692,0.006807866868381196,0.0,0.15709529362488284,-0.13884136458621943,-0.585128989810889,0.0,0.0,8.474358974358974,364.1145833333341,0.0,0.0,30
EID-1457,10770,8.501107706592371,7.36,4.831483061272984,2.8477422774146626,26.934124395161366,2.57,4.0,17.52,20.607749999999996,0.0,0.0,0.0,1,1.0,329,329,0.03463324048282265,0.29099350046425254,0.4277623026926648,0.03271626970271457,0.0,-0.06436462459801096,0.01758043947439769,-0.37536589058777525,0.0,0.0,32.735562310030396,278.28854103343417,0.0,0.0,1
EID-146,232009,18.662099832333826,15.35,11.930819101944046,1.9739027726506788,11.904893184666799,5.89,6.54,41.505999999999766,48.93,23.0,58.66,0.0,1,1.0,329,326,0.031783249787723754,0.28315711890487005,0.34061178661172625,0.0515469429397849,2.5861065734518918e-05,0.1101698315745041,-8.929701035420567e-05,-0.3479556904819634,9.912425872293477e-05,1.3547864186139918e-05,705.1945288753799,13160.410699087959,0.06990881458966565,0.17829787234042552,22
EID-1462,182072,7.5762800979827585,6.8,9.29740750690985,29.56090421515458,1499.2762188494166,2.52,2.92,13.74,16.43,0.0,0.0,0.0,1,1.0,328,230,0.0,0.00028010896788083835,0.13030559339162529,0.10700409895741081,0.0017410694670240345,0.012151675584889388,0.023794705929544024,-0.4183817065275319,0.0,0.0,555.0975609756098,4205.574603658283,0.0,0.0,4
EID-148,13593,33.36423673949833,29.02,23.584851132056983,3.07709825022761,25.90683951185738,5.07,7.766,74.6,89.91999999999994,0.0,0.0,0.0,1,1.0,231,231,0.05230633414257339,0.3345104097697344,0.7456779224600898,0.029480355834848204,0.008975207827558302,0.018462702418629906,-0.48594265098012,0.0,0.0,0.0,58.84415584415584,1963.29034632035,0.0,0.0,5
EID-1494,12685,8.075440283799749,7.11,4.480612442950655,2.800906051650303,23.50116719535593,2.53,4.04,16.497999999999994,19.388999999999996,0.0,0.0,0.0,1,1.0,329,327,0.027670476941269215,0.33827355143870713,0.49239258967284194,0.03180989157085301,0.0,0.09084358064543552,0.030752913617833055,-0.36931506307898465,0.0,0.0,38.556231003039514,311.3585410334341,0.0,0.0,1
EID-1516,9022,113.76883063622263,98.8,76.17995573391792,3.6699718837296786,39.2045942058267,22.1905,29.572,244.1664999999999,297.1070000000001,0.0,0.0,0.0,1,1.0,329,270,0.0628463755264908,0.40822434050099754,0.6013079139880293,0.056671022792581516,0.0,1.985089074004267,0.6783881956493636,-0.26729794402187534,0.0,0.0,27.422492401215806,3119.824893617023,0.0,0.0,12
EID-1523,47188,8.600288632703162,6.73,5.6840571014117325,6.4138658378699125,121.93279021429552,2.36,3.0934999999999993,17.92,21.99,0.0,0.0,0.0,1,1.0,329,329,0.037509536322793934,0.329384589302365,0.4564719844028143,0.07710886141488382,0.02314147664660507,0.19762892357375117,0.036064944946315514,-0.2946906541488502,0.0,0.0,143.42857142857142,1233.5271124619962,0.0,0.0,27
EID-1556,1136,25.65612676056335,18.495,31.53441077131535,6.8488667056216705,80.0334585662012,3.67375,4.02,66.6975,114.22125,0.0,0.0,0.0,1,1.0,328,310,0.04225352112676056,0.39172535211267606,0.7596830985915493,0.10214987105732987,0.11443661971830986,-0.20636221888001383,0.4625899087111216,-0.3930190654593756,0.0,0.0,3.4634146341463414,88.85780487804867,0.0,0.0,6
EID-1568,17979,7.618527726792348,6.74,4.625158171874613,6.87051587146591,145.28966353953587,2.34,3.92,15.330999999999985,18.61,0.0,0.0,0.0,1,1.0,329,329,0.038155626008120586,0.32076311252016243,0.4596473663718783,0.16073931183243462,5.562044607597753e-05,0.0564339341561384,0.059895267730061263,-0.38837908325612736,0.0,0.0,54.64741641337386,416.332857142856,0.0,0.0,1
EID-1596,9500,7.820353684210513,6.78,4.643102028057759,2.392011551423954,9.835887423339788,2.21,3.16,16.85299999999996,20.4,0.0,0.0,0.0,1,1.0,329,328,0.031157894736842107,0.33242105263157895,0.48389473684210527,0.0396698060941828,0.0,-0.0052554072710553346,0.009525683211259572,-0.40261169226969773,0.0,0.0,28.875379939209726,225.8156838905771,0.0,0.0,1
EID-1629,4230,13.593598108747079,10.94,10.927704535791666,2.677189159060071,20.968759609766003,1.7862500000000006,1.85,33.405499999999996,39.3,0.0,0.0,0.0,1,1.0,329,315,0.11962174940898346,0.5170212765957447,0.7,0.17893466123434432,0.00023640661938534278,0.2692972638864237,-0.06487708595011576,-0.5169219433223243,0.0,0.0,12.857142857142858,174.77483282674817,0.0,0.0,2
EID-1663,4299,49.32341707373795,41.47,37.75262403122705,4.465484122370688,51.822987476161444,10.2545,11.77,111.01699999999998,135.98450000000008,0.0,0.0,0.0,1,1.0,73,71,0.03233310072109793,0.32821586415445453,0.9269597580832751,0.2616371453657653,0.00023261223540358222,0.0,0.0,0.0,0.0,0.0,58.89041095890411,2904.6763013698555,0.0,0.0,2
EID-1676,63956,5.844570798674887,4.94,4.571595426058355,29.093442417126145,1547.9778978661284,1.89,3.3,9.86,11.88,0.0,0.0,0.0,1,1.0,329,317,0.006363750078178748,0.11543873913315404,0.2315654512477328,0.13010904302715376,0.0002032647445118519,-0.2885589643865396,0.3274056486270609,-0.12802427561779872,0.0,0.0,194.3951367781155,1136.1561398177846,0.0,0.0,2
EID-1688,35028,6.314857257051529,5.39,4.930499253678178,35.374096042251104,2411.217780791204,2.52,3.64,10.58,12.84,0.0,0.0,0.0,1,1.0,328,279,0.004681968710745689,0.012875413954550646,0.3150622359255453,0.08568085497995837,0.0,0.05567230897404363,-0.03832358806060698,-0.3798085099090279,0.0,0.0,106.79268292682927,674.3805487804907,0.0,0.0,1
EID-1691,17155,8.950241911979017,7.68,5.371807428214841,3.4476824326736533,40.00181686974505,2.33,3.76,18.712999999999994,21.842999999999957,0.0,0.0,0.0,1,1.0,329,327,0.036199358787525504,0.3731273681142524,0.4747886913436316,0.05831516626951572,0.0,-0.06321573387251389,-0.05204683439897806,-0.3176083450818219,0.0,0.0,52.142857142857146,466.6911854103344,0.0,0.0,1
EID-1718,13532,8.32123558971328,7.05,7.449937851826591,12.665742096507403,326.8787593287832,1.84,2.21,17.9,21.65,0.0,0.0,0.0,1,1.0,329,329,0.024756133609222585,0.3193171741058232,0.43799881761749926,0.09853054984718235,0.00014779781259237365,-0.10611675449895885,-0.015606073956975552,-0.39132305203209305,0.0,0.0,41.130699088145896,342.2582370820672,0.0,0.0,1
EID-1772,4354,8.235739549839193,7.23,4.835793982242973,2.3204423397487774,10.374156510456626,2.57825,3.5625000000000004,17.48,20.82875000000001,0.0,0.0,0.0,1,1.0,49,49,0.03881488286632981,0.1711070280202113,0.7241616903996325,0.10998909339275664,0.0,0.0,0.0,0.0,0.0,0.0,88.85714285714286,731.8042857142826,0.0,0.0,1
EID-1778,52727,6.1866662241353145,4.68,4.121520230006284,10.232857329714562,287.8877167667351,2.66,3.51,12.78,14.62,0.0,0.0,0.0,1,1.0,328,273,0.0007965558442543668,0.05118819580101276,0.3427655660287898,0.0874266060190313,5.689684601816906e-05,-0.03927858875172552,-0.049628023809040855,-0.4801718452816859,0.0,0.0,160.7530487804878,994.5254573170206,0.0,0.0,1
EID-1797,14900,7.875893288590584,6.89,4.637096806960433,2.3371125643581934,12.107299045481962,2.17,2.66,16.54,19.790499999999994,0.0,0.0,0.0,1,1.0,329,329,0.018053691275167785,0.2108724832214765,0.538993288590604,0.04247751002207101,0.0,0.021170565518263906,0.033749673655461665,-0.3524871219686928,0.0,0.0,45.2887537993921,356.6893920972635,0.0,0.0,1
EID-1835,43457,6.2769438755550615,5.34,7.1825664421742355,36.27453926885585,1990.2314594193742,2.59,2.95,10.62,13.145999999999987,0.0,0.0,0.0,1,1.0,328,225,0.0,0.0,0.28672020618082245,0.09732691188791787,0.0,-0.02936113608479396,0.05696537459500983,-0.3540987224859583,0.0,0.0,132.4908536585366,831.6376524390131,0.0,0.0,1
EID-1848,10600,8.974539622641508,7.57,6.28491553294748,4.712198226542785,65.61158531099863,2.06,2.36,20.01,23.52074999999999,0.0,0.0,0.0,1,1.0,329,309,0.029905660377358492,0.44566037735849057,0.47735849056603774,0.04211484514061936,9.433962264150943e-05,0.0848539555020742,-0.2229975642297214,-0.24809969273517252,0.0,0.0,32.21884498480243,289.1493009118541,0.0,0.0,1
EID-1867,40212,6.821606734308124,5.8,4.594882958154852,15.136341794215436,558.0129053547815,3.55,4.05,13.42,16.39,0.0,0.0,0.0,1,1.0,329,327,0.018203521336914354,0.1450313339301701,0.37404257435591365,0.09209556813822573,2.4868198547697204e-05,0.007172920171265362,-0.016691962620805634,-0.2694612960130581,0.0,0.0,122.22492401215806,833.7703647416361,0.0,0.0,1
EID-1890,15207,8.029749457486682,7.07,4.567010871856834,3.3106285677282736,42.14676120977562,3.4,4.0,16.53699999999999,19.808500000000002,0.0,0.0,0.0,1,1.0,329,328,0.03708818307358453,0.3222857894390741,0.3995528375090419,0.03004789359373472,0.0,-0.058873681536460554,0.01250848915790792,-0.32095462139863895,0.0,0.0,46.22188449848024,371.15015197568385,0.0,0.0,1
EID-1891,4145789,6.2413855143088535,4.86,6.057440179884823,9.146544713387136,430.28591219212717,1.23,1.5,14.92,20.14,0.0,0.0,0.0,1,1.0,329,329,0.03442336307998309,0.3041768406448085,0.1084025260330422,0.12699890224184784,0.0002957217552557547,0.0006795645457720045,0.026737553789260682,-0.36754878200078067,0.0,0.0,12601.182370820668,78648.83711240422,0.0,0.0,330
EID-1914,27008,6.823417876184779,6.06,3.8177824887789176,5.519144592072726,91.51276323312723,2.53,3.09,13.34,15.778250000000007,0.0,0.0,0.0,1,1.0,329,329,0.022326718009478674,0.1803539691943128,0.33075385071090047,0.07705160600124095,0.0005183649289099526,0.08763466271510767,0.004758208610293302,-0.36628472283655267,0.0,0.0,82.09118541033435,560.1424620060745,0.0,0.0,1
EID-1924,861457,10.518222105108029,7.99,15.076232664863428,97.55498971776895,30416.024826003297,2.02,2.8,29.05,38.43,11.0,338.1,0.0,1,1.0,316,307,0.019930188041887176,0.1606464396946104,0.2148824607612452,0.0947675850970392,0.0009112468759322868,0.01239243785182409,-0.13056961501932174,-0.9613187930836674,1.2768901456583413e-05,3.731238623695104e-05,2726.1297468354433,28674.03816455711,0.03481012658227848,1.0699367088607596,59
EID-1977,13449,21.39386422782328,15.8,29.277831602425472,35.96478836816678,2454.2821791262413,4.27,4.34,58.45199999999989,73.37,0.0,0.0,0.0,1,1.0,329,328,0.059781396386348426,0.426128336679307,0.7465239051230574,0.21215204697509205,0.00044612982377871963,-0.06853519375672323,0.24132433635892592,-0.5064047812983118,0.0,0.0,40.878419452887535,874.547355623086,0.0,0.0,29
EID-1997,30687,8.030992928601632,7.12,4.714989355776769,8.682998248250374,309.8697857584475,3.59,4.08,16.17,19.058499999999984,0.0,0.0,0.0,1,1.0,329,329,0.03213086974940529,0.27496985694267934,0.4052530387460488,0.036062826399658854,6.517417799068009e-05,0.033392582008560545,0.011358933504774571,-0.32580923803994033,0.0,0.0,93.27355623100304,749.0792705167122,0.0,0.0,1
EID-2003,6436,19.146037911746408,13.325,18.32910308884347,5.128636256859169,68.40040253785904,3.24,3.29,49.965,65.31125,0.0,0.0,0.0,1,1.0,329,328,0.05329397141081417,0.45665009322560596,0.7507768800497203,0.06887826246165818,0.00031075201988812925,-0.07691948324300624,0.08937960534825096,-0.378584069426007,0.0,0.0,19.562310030395135,374.54072948328235,0.0,0.0,8
EID-2004,15429,15.331799209281247,12.22,10.826642673389497,5.871988805708807,81.87344022020248,3.66,6.946000000000003,33.427999999999955,43.1,0.0,0.0,0.0,1,1.0,328,326,0.016268066627778858,0.11057100265733359,0.48207920150366196,0.1316582439363002,0.0,0.08776877504550828,-0.07355342867982329,-0.4518964526029553,0.0,0.0,47.03963414634146,721.2022256097572,0.0,0.0,3
EID-2008,7,10.599999999999998,10.46,4.923985513111643,0.6191031939738602,-0.19858361898419208,5.3245000000000005,5.329,17.492999999999995,18.211499999999997,0.0,0.0,0.14285714285714285,5,0.0,231,6,0.0,0.42857142857142855,0.8571428571428571,1.0,0.0,-0.2735993860322333,0.5430533544638141,0.0,0.0,0.0,0.030303030303030304,0.32121212121212117,0.0,0.0,150
EID-2014,296,38.18668918918921,30.41,86.1657384692462,15.671480085046102,260.62046339560885,9.401250000000001,12.8825,79.99249999999999,95.11500000000001,0.0,0.0,0.0,1,1.0,9,9,0.0,0.2635135135135135,0.9290540540540541,0.0,0.0,0.0,385.965422800411,0.0,0.0,0.0,32.888888888888886,1255.9177777777784,0.0,0.0,1
EID-2048,183218,8.915747633968008,7.76,9.530131471511739,100.26493385267469,15248.912688402033,5.64,5.76,16.15,18.79,0.0,0.0,0.0,1,1.0,329,327,0.0030073464397602856,0.0383313866541497,0.28063290724710455,0.08431778820496683,5.457979019528649e-05,-0.03841288105333718,-0.0629634959764539,-0.4596826838217246,0.0,0.0,556.8936170212766,4965.122948329333,0.0,0.0,6
EID-2051,1539,19.242865497076014,16.26,11.432421997672776,4.756357602012825,65.12969485862976,4.4245,7.249,35.310999999999986,44.825499999999984,0.0,0.0,0.0,1,1.0,244,200,0.096816114359974,0.46588693957115007,0.8512020792722547,0.024330373258248383,0.0,0.20574233202400483,-0.7840623340315662,0.0,0.0,0.0,6.307377049180328,121.37200819672125,0.0,0.0,4
EID-2052,889,171.70266591676054,86.14,322.27071792615146,6.386287601654715,53.45119006932374,31.14,33.482,547.3679999999994,1012.2979999999994,0.0,0.0,0.0,1,1.0,39,39,0.012373453318335208,0.16197975253093364,0.8031496062992126,0.02815438283937788,1.0,0.0,47.820197335806746,0.0,0.0,0.0,22.794871794871796,3913.9402564102597,0.0,0.0,97
EID-2063,40061,7.996969621327813,7.05,4.86551769384893,3.5122602579028075,39.097673514748216,2.43,3.98,17.01,20.55,0.0,0.0,0.0,1,1.0,329,329,0.041187189535957666,0.31135019095878785,0.49140061406355307,0.12133345142205465,0.00017473353136466887,0.011418148349080726,0.05534163213276,-0.3662277944267718,0.0,0.0,121.76595744680851,973.7586626140229,0.0,0.0,1
EID-2068,15752,70.8405853224998,43.07,156.57085661440638,29.334798196853644,1616.4022615395804,9.80775,20.52,169.10499999999882,257.33600000000007,0.0,0.0,0.0,1,1.0,112,111,0.009776536312849162,0.22340020314880651,0.33760792280345353,0.015998988157219007,0.015172676485525647,0.0,18.038038344003983,-0.9843706539894832,0.0,0.0,140.64285714285714,9963.222321428722,0.0,0.0,359
EID-2071,440,25.690977272727277,20.1,73.03012525156427,19.306661794776023,392.00644181889993,3.9730000000000003,4.05,43.9815,56.09425,0.0,0.0,0.0,1,1.0,174,158,0.05454545454545454,0.33181818181818185,0.8477272727272728,0.017840909090909185,0.0022727272727272726,-0.1743901729996502,0.0,0.0,0.0,0.0,2.528735632183908,64.96568965517243,0.0,0.0,4436
EID-2073,28186,10.368764280138997,9.05,7.094749739857189,2.0754356341639935,8.290125656085433,2.19,2.57,23.69,28.54,0.0,0.0,0.03264031788831335,18,0.7859930461931456,329,329,0.03952316752997942,0.27946498261548286,0.809479883630171,0.645725927556608,0.002164194990420776,-0.0029372755599986755,0.07667453429484272,-0.51855991103125,0.0,0.0,85.67173252279635,888.3099999999932,0.0,0.0,986
EID-2119,22938,7.545547127037986,6.79,3.9248791329197377,2.3108790278059392,12.880385640512097,3.434250000000001,4.05,15.101499999999978,17.82,0.0,0.0,0.0,1,1.0,329,328,0.03191211090766414,0.2908710436829715,0.44851338390443807,0.03573968278252382,0.0,-0.004738182310978556,-0.05739957143107366,-0.3669939411818184,0.0,0.0,69.72036474164133,526.0782978723323,0.0,0.0,1
EID-2121,37650,8.365783532536645,7.04,5.168779071950327,2.5255731997341258,13.06060291128362,2.4,3.54,18.43549999999996,22.223250000000043,0.0,0.0,0.0,1,1.0,329,329,0.02810092961487384,0.19232403718459495,0.36770252324037184,0.03256575609910939,0.0,-0.05602043420448033,0.13614714066687927,-0.355544384767316,0.0,0.0,114.43768996960486,957.3609422492543,0.0,0.0,1
EID-2153,15229,7.040231794602368,6.17,4.038845386599177,3.5202634734832077,29.87693629146861,2.18,3.26,14.355999999999986,17.1,0.0,0.0,0.0,1,1.0,328,316,0.0,0.1275198634184779,0.3733666031912798,0.153546081381577,0.0005253135465230809,0.08102575577070326,0.11443098129050977,-0.3636906961758051,0.0,0.0,46.42987804878049,326.87710365853496,0.0,0.0,1
EID-2159,5788,8.82564098134073,7.925,5.478548725077642,4.280532330464545,69.83513490558556,2.95,3.3,20.03299999999999,21.833249999999996,0.0,0.0,0.0,1,1.0,157,129,0.0,0.026952315134761574,0.638217000691085,0.07669801782302021,0.0,-0.11990330621918133,0.0,0.0,0.0,0.0,36.86624203821656,325.36821656051046,0.0,0.0,1
EID-2165,12778,8.257930035999347,7.22,5.090160645361785,4.394865599093556,90.76739473669507,2.19,2.9970000000000003,17.93,21.26574999999999,0.0,0.0,0.0,1,1.0,329,327,0.032947253091250586,0.3517764908436375,0.44200970417905777,0.05173159298754626,0.0,0.0027151288801452456,-0.05346069353377991,-0.36258990557339743,0.0,0.0,38.838905775075986,320.7289665653485,0.0,0.0,1
EID-2174,6184,52.416368046572465,25.95,150.83789802750633,19.92097219809382,546.8342625760994,8.65,8.82,149.9685,211.33000000000015,0.0,0.0,0.0,1,1.0,329,329,0.043499353169469596,0.41251617076326,0.6120633893919794,0.39118148449698675,0.0009702457956015524,0.0847467609872612,0.4214844641557167,-0.6127804559972111,0.0,0.0,18.796352583586625,985.2365349544199,0.0,0.0,162
EID-2196,2436,19.004626436781585,16.31,14.353272590940328,4.901445937479442,49.06084095620112,3.05875,4.66,41.334999999999994,48.55375,0.0,0.0,0.07758620689655173,17,0.0,329,328,0.04064039408866995,0.31157635467980294,0.6522988505747126,1.0,0.009852216748768473,0.36350175212793534,-0.018769263654108692,-0.38234133104868884,0.0,0.0,7.404255319148936,140.71510638297855,0.0,0.0,87
EID-2197,126474,77.12940588579582,55.99,100.08515082642253,38.495147206091275,3584.58337283169,10.04,15.14,194.62,252.82,44.0,2866.0199999999995,0.00021348261302718346,18,0.9885351930040958,329,329,0.03767572781757515,0.303311352530955,0.6780365925012255,0.77436388533911,0.005091955658870598,-0.00015925160847829467,1.428853144113162,-0.36360701530526807,0.00034777660095796644,0.00029371788860124373,384.419452887538,29650.04401215848,0.1337386018237082,8.711306990881457,990
EID-2207,5502,71.80810250817837,38.51,186.8126365338579,31.836961106484864,1424.0909604926112,15.85,15.92,187.69949999999997,315.6717499999999,0.0,0.0,0.0,1,1.0,316,66,0.012177390039985459,0.2600872410032715,0.6246819338422391,0.024532369908513485,0.0,0.0,5.362556388560384,-0.996581494503169,0.0,0.0,17.411392405063292,1250.2790506329031,0.0,0.0,406
EID-222,10671,8.253923718489345,7.31,4.495817052174914,2.830309003760039,30.935615592144845,2.9475000000000002,4.07,16.765,19.322499999999998,0.0,0.0,0.0,1,1.0,329,328,0.04048355355636773,0.3219004779308406,0.42995033267734983,0.02625631573046372,0.0,0.02901353472133028,-0.005939498532255505,-0.3254278765163845,0.0,0.0,32.43465045592705,267.7131306990875,0.0,0.0,1
EID-2263,12331,8.140558754358947,6.9,6.248040035587831,18.721827491881577,724.9831210702283,3.5324999999999998,4.1,16.82,19.99,0.0,0.0,0.0,1,1.0,329,329,0.0378720298434839,0.3222771875760279,0.4046711540021085,0.03364259255986779,0.0,-0.009882831709076112,-0.030080931575705683,-0.3448620174658792,0.0,0.0,37.48024316109422,305.1101215805477,0.0,0.0,1
EID-2279,52,50.226923076923086,45.705,40.949355978486295,1.2081144175681982,0.9691099879587095,4.711750000000001,9.1625,134.24199999999988,156.178,0.0,0.0,0.0,1,1.0,320,49,0.07692307692307693,0.19230769230769232,0.6153846153846154,0.17307692307692313,0.0,0.5983379982962747,-0.08926667971894109,-0.665715207032043,0.0,0.0,0.1625,8.161875000000002,0.0,0.0,7
EID-233,6552,10.875268620268598,9.29,7.0024258518457785,2.016312248861599,10.808994320352596,2.87,2.9,22.487999999999992,26.97674999999998,0.0,0.0,0.0,1,1.0,56,56,0.06425518925518925,0.41483516483516486,0.8882783882783882,0.2111793311999356,0.00015262515262515263,0.0,0.0,0.0,0.0,0.0,117.0,1272.406428571426,0.0,0.0,3
EID-234,54438,5.782908630001316,4.57,3.642489817300154,13.118246485476682,692.3828248717516,2.78,3.04,11.21,13.82,0.0,0.0,0.0,1,1.0,262,216,0.0,0.03701458539990448,0.24578419486388184,0.11627271038615972,0.00011021712774165106,0.12292728176720336,-0.010608896385866817,0.0,0.0,0.0,207.77862595419847,1201.5648091603498,0.0,0.0,1
EID-235,19953,6.133036134917049,4.66,3.567586287133919,7.515316697185805,136.58805831261924,3.36,3.6520000000000006,11.883999999999979,13.632000000000009,0.0,0.0,0.0,1,1.0,227,153,0.0,0.0,0.32802084899513856,0.1009849942835015,5.0117776775422245e-05,-0.2757269700753662,-0.46893639802983555,0.0,0.0,0.0,87.89867841409692,539.0857709251096,0.0,0.0,2
EID-236,41421,5.621831679582661,5.08,2.8677086397258047,8.214822436255156,245.17421206571728,1.47,2.06,9.84,11.53,0.0,0.0,0.0,1,1.0,328,267,0.0,0.08949566644938557,0.27174621568769464,0.0848725764517605,2.414234325583641e-05,-0.34011270222666223,0.5709796943478778,-0.1506582167328333,0.0,0.0,126.28353658536585,709.9447865853457,0.0,0.0,1
EID-243,12369,8.491058290888521,7.26,5.6285253150738015,7.090702311737292,148.1182252160334,2.29,3.95,17.885999999999985,21.127999999999993,0.0,0.0,0.0,1,1.0,329,328,0.041151265259924005,0.33276740237691,0.41353383458646614,0.0317236776595371,0.0,0.06515668042731537,0.04157284131809269,-0.3378754903681005,0.0,0.0,37.59574468085106,319.2276595744684,0.0,0.0,1
EID-248,44923,12.061814438038207,10.65,9.648674982447314,16.779910589840558,866.5233902854682,3.25,3.9,25.82,32.35949999999997,0.0,0.0,0.0,1,1.0,328,276,0.0007791109231351424,0.015203793157180064,0.3818756538966676,0.12223913999223968,0.00020034280880617948,-0.07771925364464727,-0.020073839262237825,-0.17619515159982835,0.0,0.0,136.96036585365854,1651.9905182926534,0.0,0.0,3
EID-2559,775,7.867161290322572,4.14,12.990307793985444,8.31545057098101,99.784987296175,1.82,2.04,22.696999999999985,35.37249999999999,0.0,0.0,0.0,1,1.0,27,12,0.0,0.04387096774193548,0.6696774193548387,0.10465265348595221,0.0,0.0,-0.9994436470977248,94.99411390391337,0.0,0.0,28.703703703703702,225.8166666666664,0.0,0.0,3
EID-267,6786,7.928177129384021,5.91,5.296438980429256,3.171432718789446,27.636518389181962,2.9299999999999997,3.4275,17.81,22.3225,0.0,0.0,0.0,1,1.0,104,103,0.02269378131447097,0.45063365753020923,0.5963748894783377,0.13659715235220582,0.0,-0.8488285037101325,0.0,0.0,0.0,0.0,65.25,517.3135576923073,0.0,0.0,1
EID-270,49067,6.331774104795354,4.79,4.005747585857489,7.139655534890064,159.492512880701,2.51,2.77,13.2,14.99,0.0,0.0,0.0,1,1.0,329,327,0.018525689363523345,0.16724071167994783,0.347117207084191,0.09551826542595565,0.0,0.06354130384840051,0.031189813898652385,-0.38265568884969114,0.0,0.0,149.13981762917933,944.3196352583393,0.0,0.0,1
EID-272,12208,8.03305783093046,6.99,4.75894970103675,6.112340335346326,139.93272964891307,2.5135,4.0,16.376499999999997,19.26,0.0,0.0,0.0,1,1.0,329,329,0.04398754914809961,0.3198722149410223,0.4838630406290957,0.03428659676142154,0.0,-0.1215557665510999,-0.009840651323461125,-0.3445429934242886,0.0,0.0,37.1063829787234,298.07772036473875,0.0,0.0,1
EID-275,24895,6.2914782084756675,4.79,3.626587811994565,3.484158539263097,29.263282895873434,2.41,3.027,12.722999999999994,14.996499999999978,0.0,0.0,0.0,1,1.0,328,225,0.0,0.0,0.30913838120104437,0.11196949178919413,8.033741715203857e-05,0.043477127447885566,0.09112437326564282,-0.37941620091205264,0.0,0.0,75.89939024390245,477.5193597561029,0.0,0.0,1
EID-279,46796,6.0421151380460545,4.59,5.454030056785453,57.45596844624077,7386.710389475448,2.58,2.67,13.02,16.05125,0.0,0.0,0.0,1,1.0,328,287,0.000747927173262672,0.050965894520899224,0.28064364475596204,0.07993399901850406,6.410804342251475e-05,-0.04850754753417885,-0.18672024400172638,-0.6211207004778112,0.0,0.0,142.67073170731706,862.0329878048876,0.0,0.0,3
EID-280,37249,22.28632607586758,11.97,49.743840313862584,19.267024833103168,632.9325698876355,1.84,2.82,59.949999999999925,91.51999999999957,0.0,0.0,0.0,1,1.0,329,328,0.040296383795538133,0.3502644366291712,0.5593170286450643,0.1109777914396538,0.0027920212623157668,0.03170780561507591,1.0827430815637333,-0.6861541070975177,0.0,0.0,113.21884498480243,2523.232097264412,0.0,0.0,6
EID-288,32313,8.356277040200403,7.28,4.717786144682181,5.101018566307174,131.2909467930598,3.49,4.04,16.85,19.76,0.0,0.0,0.0,1,1.0,329,328,0.04038622226348528,0.3379135332528704,0.4166434561941014,0.04001894902032066,3.094729675362857e-05,0.060740814880069216,0.009138294697409455,-0.3791955228145649,0.0,0.0,98.21580547112463,820.7184802431478,0.0,0.0,1
EID-289,16265,7.990200430371935,7.04,5.904804923502231,20.886954695752923,1137.548276864067,2.54,3.45,16.3,19.537999999999993,0.0,0.0,0.0,1,1.0,329,329,0.023178604365201354,0.19938518290808485,0.4399016292652936,0.04123500556463333,0.0,-0.07390101465276921,0.1239146042575725,-0.38848276354429834,0.0,0.0,49.43768996960486,395.01705167173105,0.0,0.0,1
EID-290,21604,8.438588687280127,7.3,4.896960960396256,2.302871102089179,15.529819258744837,2.28,3.391500000000001,17.65,20.73,0.0,0.0,0.0,1,1.0,329,329,0.03897426402518052,0.36516385854471395,0.3857156082206999,0.03261912485707885,0.0,0.032995431401805275,0.04625813680374491,-0.3746442530116213,0.0,0.0,65.66565349544074,554.1254407294829,0.0,0.0,1
EID-307,2169,18.657183033656032,16.23,14.923659610988752,3.460579944561847,24.414972326338635,2.12,2.14,41.126,49.227999999999916,0.0,0.0,0.0,1,1.0,329,304,0.034578146611341634,0.5518672199170125,0.7215306592899954,0.042019010913026844,0.0004610419548178884,-0.21916882840633978,0.19327363565260725,-0.30250739949044103,0.0,0.0,6.592705167173253,123.00130699088126,0.0,0.0,3
EID-308,53497,5.603132138251049,4.32,3.6851000007404804,10.889817981067063,448.842690488851,2.79,3.03,11.08,13.715999999999987,0.0,0.0,0.0,1,1.0,262,180,0.0,0.0,0.21616165392451914,0.09919727432344572,9.3463184851487e-05,0.06669718564435168,-0.012477963790818336,0.0,0.0,0.0,204.18702290076337,1144.0868702290702,0.0,0.0,2
EID-309,2019,6.79360574541853,5.96,3.641633306204095,6.964755704364892,121.22222425458382,3.39,4.11,12.453999999999995,15.2755,0.0,0.0,0.0,1,1.0,47,31,0.0,0.02773650321941555,0.5938583457157008,0.07837505068859207,0.0,0.0,0.0,-0.8644639795146924,0.0,0.0,42.95744680851064,291.8359574468088,0.0,0.0,2
EID-318,18942,7.092085313060936,6.27,4.487745882155087,9.76268953294809,285.48445036129743,2.21,3.71,14.71,17.32,0.0,0.0,0.0,1,1.0,329,327,0.013990074965684721,0.31026290782388344,0.4234505332066308,0.06767853133652713,0.0,-0.011798142973279191,0.07938405923812786,-0.4094954253475306,0.0,0.0,57.57446808510638,408.3230395136786,0.0,0.0,1
EID-320,36253,6.746194245993325,5.74,4.809946588126322,28.66871935580534,2114.903438014539,2.28,3.32,13.41,16.136999999999972,0.0,0.0,0.0,1,1.0,329,315,0.0254875458582738,0.20470030066477257,0.47745014205720904,0.14479696693005095,0.00019308746862328635,-0.023758744296124568,-0.11152103198199392,-0.2728183057117747,0.0,0.0,110.19148936170212,743.3731914893496,0.0,0.0,2
EID-321,39741,7.315918824388,6.5,4.45484771370958,5.930219131451283,118.70367448373867,2.17,2.92,15.14,17.88,0.0,0.0,0.0,1,1.0,329,327,0.022873103344153392,0.28212677084119675,0.3761606401449385,0.048170685161762705,0.0,0.016559974832536906,0.040895800425797324,-0.3905026460464063,0.0,0.0,120.79331306990882,883.7140729483389,0.0,0.0,2
EID-323,12785,12.440262025811604,10.23,8.011427892647127,10.870224972063777,400.6879561168951,3.62,5.84,25.331999999999972,30.76,0.0,0.0,0.0,1,1.0,328,310,0.00023464998044583498,0.05256159561986703,0.6496675791943683,0.09437507809812684,0.0,0.014608990881129769,-0.08687466085689732,-0.44019852002187565,0.0,0.0,38.978658536585364,484.90472560976025,0.0,0.0,4
EID-326,57166,10.183827799741147,9.24,5.528707946983128,9.58397752292736,236.7010927252888,3.34375,5.14,18.16,21.88,0.0,0.0,0.0,1,1.0,328,270,0.0,0.01493894972536123,0.3271175174054508,0.10018866081379563,5.247874610782633e-05,0.06264569646300089,0.03634907980391855,-0.4253408799854267,0.0,0.0,174.28658536585365,1774.904573170739,0.0,0.0,2
EID-335,3603,66.66449347765763,58.51,42.66922937577021,2.9031797773830816,20.401610374277695,13.166000000000002,18.921000000000003,140.25699999999978,168.9404999999999,0.0,0.0,0.0,1,1.0,70,70,0.05301137940605051,0.42880932556203166,0.9475437135720233,0.36495730228818324,0.0,0.0,0.0,0.0,0.0,0.0,51.47142857142857,3431.31671428572,0.0,0.0,2
EID-342,38674,8.405953612246126,6.98,5.5048270932922305,3.477606878973313,31.31076656592883,2.2882500000000006,3.61,18.81,22.41524999999987,0.0,0.0,0.0,1,1.0,329,329,0.028649738842633294,0.23209391322335418,0.4141283549671614,0.052482833547553676,0.0,0.0013958585542097612,-0.0090745568646734,-0.3541173127620023,0.0,0.0,117.55015197568389,988.1211246200811,0.0,0.0,2
EID-353,2344626,5.487286978829332,4.13,5.229477558431089,4.573626925933596,124.6559727797561,1.14,1.33,13.96,17.23,10.0,57.04,0.0,1,1.0,329,329,0.032820586310993737,0.2762065250491976,0.13240619186172975,0.09306799470411786,0.0003591191089751628,0.14142576660027295,-0.009812191195372577,-0.3658263128383793,4.265054362382903e-06,4.433496202958486e-06,7126.522796352584,39105.275744755934,0.030395136778115502,0.17337386018237083,132
EID-363,26447,7.480030249177552,6.5,5.80966626446884,20.260322362710983,848.442312673405,2.84,4.03,15.35,18.29,0.0,0.0,0.0,1,1.0,329,327,0.018678867168298863,0.2010814080992173,0.4064733240065036,0.07755754544108062,3.7811472000604984e-05,0.049084150183086095,0.022971606286279034,-0.3695036896311522,0.0,0.0,80.38601823708207,601.2898480243122,0.0,0.0,1
EID-372,17972,7.4491742710882995,6.25,7.143990774176921,19.841246164071183,622.2747535415758,3.67,5.366500000000002,12.11,13.667249999999985,0.0,0.0,0.0,1,1.0,328,269,0.0,0.014633874916536836,0.2397618517694191,0.08940340289459836,0.00016692632984642778,0.11798434246107403,0.03127682534359355,-0.39338450719223894,0.0,0.0,54.792682926829265,408.16024390243575,0.0,0.0,1
EID-390,1946,17.879845837615555,16.485,9.710575306246188,1.3526578667819293,3.0840261081236426,5.35875,6.535,36.05500000000001,42.41375,0.0,0.0,0.0,1,1.0,243,241,0.06423432682425488,0.40030832476875644,0.7266187050359713,0.02466598150051391,0.0,19.332667997338632,-0.2505543578688011,-0.4211330621134598,0.0,0.0,8.008230452674898,143.18592592592537,0.0,0.0,1
EID-395,359053,6.655041149920381,4.8,9.084011989218855,96.72778883135551,14138.051547362209,2.79,2.9,13.5,17.27,0.0,0.0,0.0,1,1.0,198,198,0.0022392237357715993,0.024099506201034387,0.2216023818210682,0.12229084938433543,0.0005570208297939302,0.08608615305755407,-0.819731508957755,0.0,0.0,0.0,1813.3989898989898,12068.244899001831,0.0,0.0,15
EID-400,15126,11.294939838688464,8.69,8.821599812538462,3.2493634113228835,35.83903616627907,1.84,2.21,27.855,33.6575,0.0,0.0,0.0,1,1.0,329,329,0.06326854422848076,0.3772312574375248,0.7305302128784874,0.5525928011045094,0.0019172286129842655,0.2203050256036574,-0.034695727967284706,-0.35714996607476157,0.0,0.0,45.97568389057751,519.2925835866313,0.0,0.0,1
EID-405,40874,22.960100308265567,19.545,16.855481063170167,3.526185478594882,29.64655022971299,7.48,7.5,53.98,84.79,0.0,0.0,0.0,1,1.0,117,117,0.04425796349757792,0.3774037285315849,0.8470910603317512,0.13070595768412152,0.00039144688555071684,-0.5937335318660177,0.0,0.0,0.0,0.0,349.35042735042737,8021.120854701254,0.0,0.0,6
EID-409,1800,13.065122222222227,10.17,8.345028016253591,6.150396005179774,86.95151722755602,6.6,6.7,24.504499999999997,30.070749999999997,0.0,0.0,0.0,1,1.0,328,224,0.0005555555555555556,0.0,0.5577777777777778,0.09901172839506178,0.0005555555555555556,0.07876116550298073,-0.0358444037864909,-0.47080954423946464,0.0,0.0,5.487804878048781,71.69884146341467,0.0,0.0,4
EID-422,27895,6.971005198064102,5.76,4.0625306163469395,4.5324986685087705,64.01512689503062,2.53,3.45,14.32,17.436499999999977,0.0,0.0,0.0,1,1.0,329,329,0.017422477146442013,0.1398100017924359,0.36038716615880984,0.03997245708073405,0.0,0.051788604723202125,0.09978907780552926,-0.3969369051784709,0.0,0.0,84.7872340425532,591.0522492401159,0.0,0.0,1
EID-432,19507,8.00102886143429,6.98,4.765512407134264,3.2140070580454023,30.101580017613838,2.54,3.83,16.98,19.8,0.0,0.0,0.0,1,1.0,329,329,0.04429179268980366,0.34213359306915464,0.43676628902445275,0.03486124962695758,0.0,-0.015784672928646715,0.09620193339867211,-0.3812273893135618,0.0,0.0,59.29179331306991,474.39534954406906,0.0,0.0,1
EID-4330,12083,7.178363816932931,6.25,5.695223813724765,36.55974653296807,1804.5248081805394,4.362000000000001,5.08,12.11,13.539499999999988,0.0,0.0,0.0,1,1.0,328,224,0.0,0.0,0.26127617313581064,0.07504892040651079,0.0,0.07852113186828968,0.002412821538025467,-0.3959493047104744,0.0,0.0,36.83841463414634,264.4395426829287,0.0,0.0,2
EID-434,11083,6.434841649372881,5.71,4.657074263565367,14.391813706612025,473.73566142287007,1.6,2.04,12.688999999999997,15.538999999999977,0.0,0.0,0.0,1,1.0,328,311,0.0,0.08643868988541009,0.4052151944419381,0.12660342947726322,9.022827754218172e-05,0.03541723363493343,0.0388255052143911,-0.3050113578975109,0.0,0.0,33.78963414634146,217.43094512195012,0.0,0.0,1
EID-4501,39562,6.808587280723902,5.93,4.6712049697313605,12.545961432093456,305.12994698980486,3.040250000000001,4.04,12.69,15.23,0.0,0.0,0.0,1,1.0,329,329,0.023052424043273848,0.16404630706233253,0.35597290329103687,0.10696994585018682,2.5276780749203783e-05,0.09133644983056866,0.014603068894531779,-0.40560570713818167,0.0,0.0,120.24924012158054,818.7274468085077,0.0,0.0,1
EID-4521,12347,5.829386895602181,4.07,3.7428307413549797,4.026626694422198,47.556959479822645,2.13,2.46,11.946999999999989,15.07800000000003,0.0,0.0,0.0,1,1.0,329,326,0.03417834291730785,0.312221592289625,0.5381874139467077,0.05663559926033723,8.099133392726978e-05,0.6258730368031622,-0.09024561748063897,-0.3069825871413895,0.0,0.0,37.52887537993921,218.77033434650497,0.0,0.0,6
EID-458,44908,6.193068940945873,5.14,3.72731489453675,10.765086728976824,259.8443146684151,2.64,3.61,11.31,13.86324999999997,0.0,0.0,0.0,1,1.0,328,326,0.007237017903268905,0.06833971675425314,0.3114144473145097,0.07468069682582712,0.00013360648436804132,0.046987073130178025,0.1290530937003178,-0.31224125619287857,0.0,0.0,136.91463414634146,847.9217682926745,0.0,0.0,1
EID-462,3454,41.46768384481747,37.775000000000006,22.946451165781795,1.0454277586414062,1.6991799349099201,8.76925,12.642000000000001,83.86649999999997,94.18024999999999,0.0,0.0,0.0,1,1.0,329,321,0.062246670526925306,0.519976838448176,0.6826867400115808,0.04565823165508187,0.00028951939779965256,-0.035000841480879896,-0.17181182909049297,-0.39383646006688566,0.0,0.0,10.498480243161094,435.34765957446666,0.0,0.0,14
EID-475,2760,55.62289855072449,36.519999999999996,62.32980779270078,8.084315596648489,126.19309043346922,13.32,15.41,138.6515,181.8495000000001,0.0,0.0,0.0,1,1.0,36,36,0.003260869565217391,0.32717391304347826,0.6079710144927536,0.007246376811594235,0.0,0.0,6.187655820360087,0.0,0.0,0.0,76.66666666666667,4264.4222222222115,0.0,0.0,2
EID-482,10565,8.333035494557535,7.28,4.966436525307649,3.015600059586562,20.6827630401009,2.35,4.04,17.497999999999994,20.77,0.0,0.0,0.0,1,1.0,329,327,0.03038334122101278,0.32787505915759585,0.42735447231424517,0.04955785170520577,0.00028395646000946523,0.03695796593791467,0.03312306841728918,-0.35631956653220154,0.0,0.0,32.11246200607903,267.59428571428685,0.0,0.0,1
EID-485,12166,5.361745027124866,5.23,3.7139921085115226,14.067094530213472,525.5333315180715,1.44,1.73,10.3,12.297500000000001,0.0,0.0,0.0,1,1.0,328,270,0.0,0.024001315140555646,0.3356074305441394,0.03166415600684591,0.0,-0.013484971464568396,0.17497620951349036,-0.13688825280889816,0.0,0.0,37.09146341463415,198.87496951219853,0.0,0.0,1
EID-486,80737,7.780348043647435,6.76,4.879070476898134,6.4844492487692005,137.37870722531238,2.57,3.98,16.18,19.56,0.0,0.0,0.0,1,1.0,329,328,0.02972614786281383,0.2831663301831874,0.3615814310663017,0.05961157590764021,0.00012385894942839096,0.004345106696296508,0.06345272015596448,-0.39284728494145227,0.0,0.0,245.4012158054711,1909.3068693007992,0.0,0.0,4
EID-489,19829,6.503812093398614,4.76,3.8318573856550744,3.267807593193527,23.186919621264853,3.18,3.46,13.285999999999985,15.965999999999987,0.0,0.0,0.0,1,1.0,328,223,0.0,0.0,0.34863079328256597,0.13155116317132387,0.0,-0.00555363114198848,0.046022675530453805,-0.4087274597076975,0.0,0.0,60.454268292682926,393.1832012195156,0.0,0.0,1
EID-494,71317,9.518399540081662,7.31,6.484327591580325,5.34811514253184,226.21247108527527,1.63,2.418000000000002,21.54,25.710999999999913,0.0,0.0,0.0,1,1.0,329,326,0.03276918546770055,0.31130025099204955,0.394744591051222,0.04023400504305863,0.0,0.04748778226882333,0.0002912052671424359,-0.35839935851791105,0.0,0.0,216.76899696048633,2063.2939209726565,0.0,0.0,14
EID-498,37649,5.894175940928047,5.16,3.292853381961579,22.768169956428334,1192.2488166835726,2.32,3.32,10.08,11.25,0.0,0.0,0.0,1,1.0,273,186,0.0,0.0,0.34795080878642193,0.09414987796783547,5.31222608834232e-05,-0.024953971011108966,0.08364237429708399,-0.983323261016832,0.0,0.0,137.9084249084249,812.8565201465203,0.0,0.0,1
EID-509,4520,11.411674778761046,9.15,13.804080426773757,12.985274261297558,209.95191640976685,7.46,7.59,18.67250000000001,24.83599999999991,0.0,0.0,0.0,1,1.0,261,178,0.0,0.0,0.4705752212389381,0.08243088730519232,0.000663716814159292,0.034900174219400615,-0.04358362840307506,0.0,0.0,0.0,17.31800766283525,197.62747126436756,0.0,0.0,1
EID-514,25786,8.760186923136635,7.25,7.2033116570601505,24.490586390935622,1595.3260873244249,2.37,4.05,18.64,22.16375,0.0,0.0,0.0,1,1.0,329,329,0.03571705576669511,0.34344217792600634,0.44822772046847126,0.05866471048700894,3.87807337314822e-05,0.05656236640468304,-0.019655915270333946,-0.39964705112917054,0.0,0.0,78.37689969604864,686.5962917933169,0.0,0.0,2
EID-516,25681,7.55972703555138,6.5,4.976495855153478,10.160965684815652,450.7881105875504,2.21,3.63,16.01,19.36,0.0,0.0,0.0,1,1.0,329,324,0.023091001129239515,0.3281024882208637,0.4886491959035863,0.0964881095180059,3.893929364121335e-05,0.11499010764427342,0.156775841512657,0.08087453204552175,0.0,0.0,78.05775075987842,590.0952887537842,0.0,0.0,1
EID-517,30077,7.285804102802727,6.42,3.9766844783074116,4.597663723050691,89.19733037457803,3.0140000000000056,3.99,14.56,17.14,0.0,0.0,0.0,1,1.0,329,329,0.0332812448050005,0.28583302856002923,0.4320909665192672,0.04200960726607694,9.974399042457692e-05,0.07974064381998258,0.03252285716223424,-0.3534778049464953,0.0,0.0,91.419452887538,666.064224924005,0.0,0.0,1
EID-519,25036,6.957672551525701,6.11,4.416102109124021,13.803112377025265,514.6999492852289,2.58,4.04,13.69,16.43125,0.0,0.0,0.0,1,1.0,329,328,0.025523246525003995,0.23538105128614795,0.4852612238376737,0.11066725043912484,3.994248282473238e-05,0.001859727849689241,0.005579433147548274,-0.3846056009638903,0.0,0.0,76.09726443768997,529.4598480243084,0.0,0.0,1
EID-520,26474,9.231466344337942,7.96,5.201325870984428,7.286452632516453,129.90799011271938,4.66,5.64,18.67,21.31,0.0,0.0,0.0,1,1.0,328,256,0.0,0.0026063307395935635,0.36088237516053484,0.087340922390303,0.0,0.06401041729416335,0.12152125120805635,-0.3952302391020006,0.0,0.0,80.71341463414635,745.1031707317155,0.0,0.0,2
EID-521,21260,8.029527281279362,7.08,4.586023774713864,3.4980641734112505,44.78287309186172,2.6895000000000007,4.03,16.43,19.690499999999957,0.0,0.0,0.0,1,1.0,329,328,0.03424270931326435,0.2993414863593603,0.4363593603010348,0.0442460788747302,0.00014111006585136406,-0.029025760258826194,0.0227351266761473,-0.3387050715585045,0.0,0.0,64.62006079027356,518.8685410334324,0.0,0.0,1
EID-522,14012,7.674778047387975,6.83,4.937808314780674,8.12180129533653,184.4745157120467,2.07,2.945500000000001,15.38,18.437250000000006,0.0,0.0,0.0,1,1.0,329,328,0.03554096488723951,0.30373965172709105,0.5886383100199829,0.11925784790802452,0.00021410219811590067,0.05807176964250016,0.025488139978103508,-0.40696351829309796,0.0,0.0,42.58966565349544,326.86623100304047,0.0,0.0,1
EID-523,22276,7.603476387143032,6.77,4.0191171126714424,2.813215019960757,25.383114637937812,3.09875,4.03,15.2425,17.72,0.0,0.0,0.0,1,1.0,329,310,0.03708026575686838,0.2830400430957084,0.3725534207218531,0.03206623343747306,0.0,0.34243576491019945,0.1166073267809109,-0.38527317081955603,0.0,0.0,67.7082066869301,514.8177507598729,0.0,0.0,1
EID-527,15292,7.185693826837545,6.42,5.390030573383489,27.787918452452896,1741.7133108029172,2.88,3.61,14.27,17.229000000000013,0.0,0.0,0.0,1,1.0,329,329,0.015498299764582788,0.15269421919958148,0.4082526811404656,0.053600948702557494,6.539366989275438e-05,0.009916317557395082,0.07860023875137001,-0.35547191214986484,0.0,0.0,46.48024316109422,333.9927963525828,0.0,0.0,1
EID-532,6890,8.223648766327983,7.06,4.954761298522085,3.299471563958583,29.056672346023102,2.77225,4.04,17.27,20.557749999999995,0.0,0.0,0.0,1,1.0,175,173,0.03062409288824383,0.341944847605225,0.5988388969521045,0.050825053031148815,0.0011611030478955006,-0.08983428424250406,0.0,0.0,0.0,0.0,39.371428571428574,323.7767999999989,0.0,0.0,1
EID-534,20934,7.383733161364183,6.49,4.139316165173281,3.4511928834354864,36.46015380154059,2.29,3.98,15.02,17.626749999999994,0.0,0.0,0.0,1,1.0,329,327,0.028709276774625012,0.2978886022738129,0.38415974013566445,0.0623766630321565,9.553835865099838e-05,-0.04213291400119268,0.031411652392253187,-0.3217302520383568,0.0,0.0,63.62917933130699,469.8208814589599,0.0,0.0,1
EID-536,24251,6.703925611314932,5.83,5.0965774126330246,26.62319484669216,1712.046211592166,1.84,2.57,12.96,15.9275,0.0,0.0,0.0,1,1.0,328,315,0.004247247536184075,0.15537503608098635,0.3980042060121232,0.13489486825634123,0.0003298833037812874,0.022405280693422736,-0.04573079323940488,-0.398110909263922,0.0,0.0,73.9359756097561,495.66128048780007,0.0,0.0,1
EID-537,38775,17.06901096066974,6.54,45.039531523597006,12.875523935890737,405.5723357426104,3.03,3.69,86.85299999999951,135.6065,0.0,0.0,0.0,1,1.0,329,329,0.024036105738233397,0.16234687298517086,0.38842037395228884,0.09709248973541329,0.08809800128949065,-0.039530270905644094,0.10743882040042751,-0.38497613725977087,0.0,0.0,117.85714285714286,2011.704863221791,0.0,0.0,2
EID-540,29773,6.802567090988479,6.11,4.857618193886261,17.383724815383772,812.8528920071791,1.85,2.32,13.603999999999978,16.797000000000008,0.0,0.0,0.0,1,1.0,329,327,0.008564807039935512,0.09347395291035503,0.29970107144056696,0.0834752674958158,6.71749571759648e-05,0.06108892557986145,0.03303909064544874,-0.3444987328154916,0.0,0.0,90.49544072948328,615.6013069908814,0.0,0.0,3
EID-548,16839,8.175012767979089,6.9,5.876530872475469,9.794531385181084,249.21357698472522,2.58,4.06,17.07,20.480999999999987,0.0,0.0,0.0,1,1.0,329,329,0.03735376209988717,0.331492368905517,0.41819585486073996,0.0709603762479889,5.938594928439931e-05,-0.027535159896544092,-0.0554965714621507,-0.3248118914379736,0.0,0.0,51.182370820668694,418.416534954407,0.0,0.0,1
EID-549,22897,5.882641394068999,5.01,3.265067949187208,10.811458152494833,488.3016339902276,2.17,2.21,10.82,13.315999999999987,0.0,0.0,0.0,1,1.0,328,271,0.0,0.04240730226667249,0.31991090535878064,0.03863821350239571,4.367384373498712e-05,0.0542968287930754,0.064073929601427,-0.15177758030982058,0.0,0.0,69.8079268292683,410.6549999999935,0.0,0.0,1
EID-550,17575,6.396081934566121,4.93,3.8914963728222847,11.133181748725653,413.42477331954564,3.34,3.6,13.062999999999994,14.626499999999979,0.0,0.0,0.0,1,1.0,179,145,0.0,0.03311522048364154,0.41951635846372687,0.11408250355618776,5.689900426742532e-05,-0.09344064412253239,0.0,0.0,0.0,0.0,98.18435754189944,627.9951955307239,0.0,0.0,2
EID-555,33461,5.9199686201845285,5.09,5.045329283131644,53.540461121715616,5386.286992489684,2.24,3.24,10.25,12.575,0.0,0.0,0.0,1,1.0,328,325,0.008308179671856788,0.16123247960312004,0.3284121813454469,0.13370564712823063,0.00047816861420758497,-0.4936552820086342,0.5029967886009672,-0.1929039743707277,0.0,0.0,102.01524390243902,603.92704268291,0.0,0.0,2
EID-557,8208,8.015883284600399,7.05,4.488396349553952,2.2151611890470924,9.402503809798787,2.58175,4.0,16.69,19.654749999999993,0.0,0.0,0.0,1,1.0,329,329,0.037889863547758286,0.3128654970760234,0.4803849902534113,0.0413890705687221,0.00012183235867446393,-0.014428462505528317,0.05872531885407395,-0.3337195746788414,0.0,0.0,24.948328267477205,199.98288753799412,0.0,0.0,1
EID-558,148810,6.680573482964816,5.59,4.478067665462109,15.514964611204958,702.1416168717248,2.32,3.09,13.44,16.23,0.0,0.0,0.0,1,1.0,329,328,0.013090518110342047,0.1336805322222969,0.26586250923997046,0.06539293614519825,6.0479806464619316e-05,0.04692833987220535,0.03695287110919265,-0.40467729869363755,0.0,0.0,452.3100303951368,3021.6903951367603,0.0,0.0,3
EID-559,80098,7.9194868785734736,6.79,4.5635600868265715,4.099949139574605,70.04725285417499,3.45,4.0,16.31,19.27,0.0,0.0,0.0,1,1.0,329,328,0.034632575095508,0.3006442108417189,0.35211865464805614,0.033452827248093286,0.0,0.0215470033930234,-0.03798948939802638,-0.40024493443502185,0.0,0.0,243.45896656534956,1928.0700911853437,0.0,0.0,2
EID-561,60161,8.049156596466045,7.06,4.594562397779527,4.0134777201170575,66.99280407154495,2.66,4.05,16.34,19.43,0.0,0.0,0.0,1,1.0,329,329,0.03279533252439288,0.3029038746031482,0.38722760592410366,0.04477784675393015,0.0,-0.05133010258051929,0.05168738185854793,-0.3991969483744574,0.0,0.0,182.86018237082067,1471.870243161075,0.0,0.0,4
EID-563,49741,6.576809473070855,5.57,4.0185596966891115,15.400031496771588,954.8164518672295,2.28,3.23,13.09,15.57,0.0,0.0,0.0,1,1.0,329,327,0.018817474518003256,0.20419774431555457,0.32725518184194125,0.04924130627053647,4.0208278884622344e-05,0.22319118332424615,0.024530972003628193,-0.27306858145643664,0.0,0.0,151.1884498480243,994.3376291793843,0.0,0.0,3
EID-568,23924,6.828334726634247,6.25,3.8792971190459884,7.01122586801323,149.9483920353569,2.29,3.56,13.418499999999986,15.909249999999993,0.0,0.0,0.0,1,1.0,329,329,0.022696873432536364,0.22341581675305133,0.3740177227888313,0.13550224047274928,0.0011703728473499416,-0.15599111829946655,0.15302578353721952,-0.3063955771861637,0.0,0.0,72.71732522796353,496.53823708205994,0.0,0.0,1
EID-571,28490,8.409063882063824,7.18,5.248216459183787,9.689013256984222,397.19873631324236,2.9945000000000004,4.09,17.59,21.08774999999998,0.0,0.0,0.0,1,1.0,329,329,0.041804141804141805,0.31684801684801683,0.4594945594945595,0.08711705510582313,0.001755001755001755,-0.05031435754976965,0.024851153295533113,-0.5430614556639628,0.0,0.0,86.59574468085107,728.1891489361652,0.0,0.0,2
EID-578,42009,6.834170772929633,5.87,5.0958509354478965,12.331676935252473,328.23538740980007,2.03,2.53,13.87,16.96,0.0,0.0,0.0,1,1.0,329,329,0.018591254255040587,0.16510747696922087,0.42502797019686256,0.17416186537566025,0.001095003451641315,0.11177018997827326,0.044347079607839124,-0.4656841624808622,0.0,0.0,127.68693009118542,872.6342857142886,0.0,0.0,3
EID-592,25817,7.717996668861658,6.7,4.845670708984936,4.832481280120784,64.29006191455359,2.21,3.78,16.27,20.129999999999928,0.0,0.0,0.0,1,1.0,329,329,0.031955688112484025,0.3247859937250649,0.4897160785528915,0.20663385023344827,0.0017430375334082193,-0.0015375908659637227,0.07655434524759164,-0.37734595518279757,0.0,0.0,78.47112462006079,605.6398784194572,0.0,0.0,1
EID-620,3412,74.40079718640088,56.235,73.55426546909982,4.8486066314042136,37.66267757182135,13.166500000000001,17.57,182.74549999999996,265.12125,0.0,0.0,0.0,1,1.0,241,121,0.03253223915592028,0.39273153575615477,0.962778429073857,0.23784065342787142,0.0,-0.9638742053189477,-0.8009827087402831,0.0,0.0,0.0,14.157676348547717,1053.3424066390035,0.0,0.0,19
EID-621,36958,11.268593268033856,10.12,6.405503057547074,9.735804974542148,220.52866259172436,5.13,6.48,21.38,25.14,0.0,0.0,0.0,1,1.0,328,322,0.0018128686617241193,0.013177119974024569,0.3073759402565074,0.08798179270404805,0.00013528870609881487,-0.015828172205552882,0.041468104341695566,-0.40880960678460776,0.0,0.0,112.67682926829268,1269.7093597560831,0.0,0.0,2
EID-622,6564,11.728854357099362,8.26,9.65687749153944,3.504227782514369,21.378642499277586,2.56,3.32,30.943999999999978,37.1985,0.0,0.0,0.0,1,1.0,42,42,0.10633759902498477,0.3266301035953687,0.8840645947592931,0.3732617594316273,0.00015234613040828764,0.0,0.0,0.0,0.0,0.0,156.28571428571428,1833.052380952386,0.0,0.0,7
EID-623,174011,7.944798202413381,6.81,4.965960794468647,5.676957509693568,146.89044338315006,2.17,3.33,16.95,20.3,7.0,407.84000000000003,0.0,1,1.0,329,329,0.03697467401486113,0.2879588072018436,0.5807966163058658,0.5116417652402565,0.00148266488900127,0.22212070560542552,0.24525767288833222,-0.3787334887184385,4.022572377570136e-05,0.00029491858687945093,528.9088145896657,4202.073799392568,0.02127659574468085,1.2396352583586627,7
EID-6291,17575,5.989420199146577,4.92,3.9079221565488065,2.4565580239262306,10.688446297862834,2.13,2.46,13.1,16.69649999999998,0.0,0.0,0.0,1,1.0,329,325,0.03726884779516358,0.31402560455192036,0.6705547652916074,0.18813161233405296,0.0005689900426742532,-0.28120953376249125,-0.4725991494061548,-0.3833326516421911,0.0,0.0,53.41945288753799,319.95155015197906,0.0,0.0,2
EID-6292,9345,5.091057249866197,3.96,3.1427064118379247,4.6022501532521884,66.07774740441725,2.11,2.39,10.167999999999992,12.637999999999973,0.0,0.0,0.0,1,1.0,300,297,0.039700374531835204,0.37859818084537183,0.6321027287319422,0.09144712196202798,0.0,0.07425076390349084,-0.02037989135327134,-0.6843288412794558,0.0,0.0,31.15,158.58643333333205,0.0,0.0,1
EID-6296,14624,8.603324671772405,7.62,4.9669755625638725,4.916109916209776,127.99046227946857,2.81,4.03,17.55,20.58424999999999,0.0,0.0,0.0,1,1.0,329,328,0.04164387308533917,0.37958150984682715,0.41609682713347923,0.029513281538037117,0.0,0.026873658791925825,0.1276261533021703,-0.3139268795259146,0.0,0.0,44.44984802431611,382.4164741641327,0.0,0.0,1
EID-6298,10013,7.97824827723957,6.98,5.824512384231077,22.352404887734835,1215.121180638683,2.313,4.07,16.273999999999997,20.25,0.0,0.0,0.0,1,1.0,329,329,0.03355637671027664,0.29741336262858287,0.4984520123839009,0.07684947149849708,0.0,-0.13520021096511925,-0.05612515641575622,-0.40941090981765305,0.0,0.0,30.434650455927052,242.81519756838847,0.0,0.0,1
EID-6299,7849,25.015789272518713,13.09,40.66183206199704,18.955713439769067,728.7595223590209,7.35,8.78,76.0479999999999,107.13800000000009,0.0,0.0,0.0,1,1.0,329,287,0.00777169066123073,0.08077462097082432,0.3518919607593324,0.09390182424826765,0.0,-0.1577197726443209,0.3262190171097814,-0.4350939506447875,0.0,0.0,23.857142857142858,596.8052583586607,0.0,0.0,1
EID-6304,14332,8.702485347474314,7.24,5.448610635622872,1.6647671955092918,5.6177952407459255,2.11,2.13,18.52,21.63,0.0,0.0,0.0,1,1.0,329,327,0.021769466927156013,0.275537259279933,0.47690482835612613,0.05329672970376975,0.0,-0.05642505593238234,-0.02173707843957462,-0.10738956397472355,0.0,0.0,43.56231003039514,379.10036474164696,0.0,0.0,2
EID-6310,19182,7.002549264935909,5.92,6.768178263188054,57.83098450583487,5819.127392929731,2.92,3.3,14.809500000000007,18.8,0.0,0.0,0.0,1,1.0,328,225,0.0,0.0,0.29157543530393076,0.11668946927564916,0.0,0.2696254423902116,0.09788179878215097,-0.38698078441441663,0.0,0.0,58.48170731707317,409.5210365853677,0.0,0.0,1
EID-6331,14082,6.922157364010896,5.21,4.486721409335686,4.628831899946736,51.112295388668954,3.1402500000000004,3.78,13.88,17.26875000000002,0.0,0.0,0.0,1,1.0,329,325,0.03962505325948019,0.37998863797756,0.5407612555034796,0.10768327620149076,0.000284050560999858,0.09009938423506059,0.0005254111502630554,-0.44354297416078003,0.0,0.0,42.80243161094225,296.2851671732567,0.0,0.0,1
EID-6341,1858,2.670220667384275,2.06,2.2566632037232424,13.377084528704115,296.7908007977502,1.46,1.47,5.393499999999988,6.42575,0.0,0.0,0.0,1,1.0,55,36,0.0,0.0,0.24919268030139935,0.11755640809648682,0.0,0.0,0.0,0.0,0.0,0.0,33.78181818181818,90.20490909090879,0.0,0.0,2
EID-6346,77814,12.82521924075398,12.46,9.285115808096313,64.97979486863757,10516.552315792625,3.31,3.99,25.81,29.94,0.0,0.0,0.0,1,1.0,328,230,0.0,0.002326059577967975,0.2599789241010615,0.13175984009810293,3.855347366797748e-05,0.01158420125449533,0.03162110268017759,-0.36799188737776223,0.0,0.0,237.2378048780488,3042.6268597561893,0.0,0.0,1
EID-6363,8311,9.32834797256648,7.92,5.404556027140532,2.121929897423582,9.116076850678503,2.95,4.03,19.43,22.975,0.0,0.0,0.0,1,1.0,329,329,0.039706413187342075,0.31476356635783903,0.4593911683311274,0.0283560857548959,0.0,0.09947925718776762,0.011676372397743995,-0.3557622399539345,0.0,0.0,25.26139817629179,235.6471124620061,0.0,0.0,1
EID-6369,15586,7.234978185551148,6.64,4.488007981942443,8.858883691595103,257.3901032389096,2.11,2.14,14.6775,18.11,0.0,0.0,0.0,1,1.0,328,234,0.009944822276401899,0.0020531245989991015,0.42409854998075197,0.10164997034703072,0.0,-0.005331695728763908,-0.011594324399323064,-0.3216916581217565,0.0,0.0,47.51829268292683,343.7938109756103,0.0,0.0,1
EID-6385,9155,5.746588749317299,4.83,6.408343075644664,16.489582186733063,368.5276184844064,1.83,2.25,9.722999999999994,12.178999999999979,0.0,0.0,0.0,1,1.0,328,239,0.0,0.007755324959038776,0.3125068268705625,0.08925501430100757,0.0009830693610049152,-0.06991312414249173,0.10539474411098038,-0.3242712086472338,0.0,0.0,27.911585365853657,160.396402439024,0.0,0.0,1
EID-6392,51941,3.625117729732,3.1,5.079379103731099,31.701203897254373,1546.842521332865,1.26,1.32,7.46,9.555,0.0,0.0,0.0,1,1.0,328,224,0.0,0.0,0.1734082901753913,0.1017260328510553,1.9252613542288367e-05,0.11100924317955596,0.12162156021794668,-0.377519623023731,0.0,0.0,158.35670731707316,574.0617073171031,0.0,0.0,1
EID-6393,1592,11.362876884422143,8.09,10.40436951383568,3.1587052293587994,16.261655775684115,1.48,2.95,29.075999999999986,36.94125,0.0,0.0,0.0,1,1.0,63,59,0.01507537688442211,0.678391959798995,0.7317839195979899,0.1379384358980834,0.0,0.0,0.0,0.0,0.0,0.0,25.26984126984127,287.13809523809607,0.0,0.0,12
EID-6400,23306,6.630998455333397,4.94,4.6871600519669245,3.8233141941217643,34.1765598672143,1.47,2.2,14.807500000000001,18.361250000000002,0.0,0.0,0.0,1,1.0,329,329,0.047198146400068655,0.3103492662833605,0.611215995880889,0.2098645053863063,0.00017162962327297692,0.0768442285043065,-0.2440490884556199,-0.34922084641982865,0.0,0.0,70.83890577507599,469.7326747720369,0.0,0.0,1
EID-6403,37798,5.924789935975319,5.01,4.2051548331773345,23.54106695809007,983.1385867423226,2.56,2.6,10.43,12.38,0.0,0.0,0.0,1,1.0,328,268,0.0,0.014445208741203239,0.31046616223080586,0.06989027401939385,5.2912852531879995e-05,0.10539156081499002,0.05945483893830139,-0.33769851999375144,0.0,0.0,115.23780487804878,682.7597865853509,0.0,0.0,1
EID-6423,31865,11.274423034677525,9.61,6.642120412242018,11.544503221304682,296.36001878799357,6.54,6.63,20.62,24.777999999999956,0.0,0.0,0.0,1,1.0,323,223,0.0,0.0006276478895339715,0.3953867880119253,0.09551850395452399,0.0,0.15251592079083376,-0.03217627645981325,-0.4892175739289928,0.0,0.0,98.6532507739938,1112.2584829721343,0.0,0.0,2
EID-6426,1373,6.913714493809185,5.14,4.227402249429918,2.8665061928574436,13.72649165541366,2.73,3.672,14.665999999999995,18.937,0.0,0.0,0.0,1,1.0,312,268,0.01529497450837582,0.1755280407865987,0.6387472687545521,0.09768986631684096,0.0,0.027595087619920022,-0.32165245817575805,-0.42391027034177775,0.0,0.0,4.4006410256410255,30.42477564102568,0.0,0.0,1
EID-6431,26486,8.112449596013054,7.17,4.813566506604666,2.8224942587927226,21.00610687072559,2.56,3.63,17.1375,20.8875,0.0,0.0,0.0,1,1.0,281,281,0.01921769991693725,0.17239296231971607,0.3803896398097108,0.03158080850134504,0.0,1.0066816609652682,0.07907385954008772,-0.3528954098950341,0.0,0.0,94.25622775800711,764.6488967971592,0.0,0.0,1
EID-6432,161,23.248198757763966,21.28,14.39175214698504,1.750158008050149,4.572236315655664,4.03,4.42,48.7,65.02,0.0,0.0,0.0,1,1.0,172,97,0.08695652173913043,0.453416149068323,0.8571428571428571,0.045600092589020425,0.0,0.1649121995234022,0.0,0.0,0.0,0.0,0.936046511627907,21.7613953488372,0.0,0.0,4
EID-6437,5857,10.480670991975392,7.82,12.720254729083848,11.660644762804594,213.467986685124,4.05,4.21,22.962,32.54399999999984,0.0,0.0,0.0,1,1.0,279,192,0.0,0.0,0.4176199419498037,0.06408133825440543,0.0,1.3115942414930002,0.21361844439631184,-0.26694255003372147,0.0,0.0,20.99283154121864,220.01896057347625,0.0,0.0,1
EID-6449,11747,4.532789648420923,3.99,2.5146287389609903,3.2947715279816423,26.015942144620183,1.84,2.18,9.266999999999989,11.053500000000005,0.0,0.0,0.0,1,1.0,208,203,0.044692261854090407,0.3594960415425215,0.4794415595471184,0.09103455403711092,0.0,-0.12435027516995967,0.7862524132291415,-0.35573087352806176,0.0,0.0,56.47596153846154,255.9936538461567,0.0,0.0,3
EID-6453,22741,4.429991205311751,3.64,3.983523180608033,22.797053099461586,958.3956014773768,1.81,1.82,8.81,10.754999999999999,0.0,0.0,0.0,1,1.0,211,145,0.0,0.0,0.21727276724858186,0.09036107627868895,0.0,0.6848664825696129,0.7725465895354258,-0.3968512606725044,0.0,0.0,107.77725118483413,477.4522748814906,0.0,0.0,1
EID-6455,8082,7.804257609502576,5.32,6.044906004427047,4.172850152550932,52.903209814998355,2.2,2.6405000000000003,19.429499999999997,24.03949999999999,0.0,0.0,0.0,1,1.0,224,224,0.030190546894333085,0.18955704033655035,0.3802276664192032,0.0680056150515127,0.0,-0.26101726351833565,0.30317953559491917,-0.43123021486008906,0.0,0.0,36.080357142857146,281.5804017857135,0.0,0.0,1
EID-6464,8966,7.686020521971895,6.95,5.905903451042097,14.03366712516189,390.13046454835353,2.54,4.04,14.557500000000001,18.048750000000002,0.0,0.0,0.0,1,1.0,208,204,0.008811064019629711,0.16183359357573054,0.3830024537140308,0.10486394458476467,0.00022306491188935982,0.15024882036614984,0.6517789257660436,-0.243486477695659,0.0,0.0,43.10576923076923,331.311826923077,0.0,0.0,1
EID-6484,9939,8.927234128181887,7.22,8.774660704757585,18.961054262645238,646.5893451535203,3.97,4.06,19.192000000000007,23.226499999999977,0.0,0.0,0.0,1,1.0,329,328,0.030989033101921724,0.21843243787101319,0.4544722809135728,0.07301729401345392,0.00010061374383740819,0.11528363756192084,0.05016626019903181,-0.3956880932119661,0.0,0.0,30.209726443768997,269.6893009118534,0.0,0.0,1
EID-6485,20836,8.409287771165307,7.15,5.543474426094903,5.9052054544921315,140.51698018558537,1.91,2.29,18.36,21.5,0.0,0.0,0.0,1,1.0,329,328,0.03210789019005567,0.4207141485889806,0.4298809752351699,0.055179598558706355,4.799385678633135e-05,0.030195808436704885,0.012522625924857866,-0.36693903824416996,0.0,0.0,63.33130699088146,532.5711854103354,0.0,0.0,1
EID-6495,3863,7.585922857882499,5.87,3.999767758826738,3.6995679830297243,31.293005812055394,5.0455,5.06,15.13,17.804499999999997,0.0,0.0,0.0,1,1.0,137,137,0.06238674605229096,0.470359823971007,0.6836655449132798,0.22464664567279713,0.0002588661661920787,0.0,-0.48959237207435014,-0.14730321542982283,0.0,0.0,28.197080291970803,213.90087591240948,0.0,0.0,2
EID-6499,26506,4.966856183505533,3.68,4.813751510419498,14.658250960711342,511.93435902052755,1.31,1.45,12.0175,15.18375,0.0,0.0,0.0,1,1.0,125,121,0.0078095525541386854,0.07590734173394703,0.17196106541915038,0.11197433126604694,0.0,0.0,4.142927579751149,-0.10201855574831264,0.0,0.0,212.048,1053.2119199999813,0.0,0.0,2
EID-6508,18725,5.321323364485862,3.68,16.404052366806443,76.56924536962553,6748.997344195731,1.72,1.83,11.297999999999993,15.43,0.0,0.0,0.0,1,1.0,82,82,0.01041388518024032,0.0957543391188251,0.21495327102803738,0.08970477557081002,5.34045393858478e-05,0.0,-0.6409712118988802,2.4556495500159827,0.0,0.0,228.35365853658536,1215.1436585365582,0.0,0.0,2
EID-6517,3772,3.595196182396564,3.06,2.6916579417571427,8.529581372084891,184.77959392222968,1.18,1.32,7.59,9.71725,0.0,0.0,0.0,1,1.0,43,30,0.0,0.0,0.21367974549310711,0.14767889814888735,0.0,0.0,0.0,-0.8245173706203354,0.0,0.0,87.72093023255815,315.3739534883684,0.0,0.0,1
EID-6527,22268,6.866719956888826,5.74,4.47937162493729,3.140608163891023,23.926692022763298,2.4,2.77,14.946499999999977,17.87,0.0,0.0,0.9922759116220585,1,1.0,109,95,0.018681516076881625,0.3701275372732172,0.7593856655290102,0.24676513606687311,0.0,0.0,3.6940464918723466,0.40208783602701303,0.0,0.0,204.29357798165137,1402.826788990829,0.0,0.0,3
EID-6532,25,0.14240000000000005,0.11,0.12797395568369893,4.116304888675749,18.837355087858036,0.076,0.08,0.2,0.40799999999999925,21.0,12.95,1.0,1,1.0,67,4,0.0,0.0,0.24,0.92,0.16,0.0,-0.9999820731866637,0.22499999999999964,0.45652173913043476,0.7843731072077528,0.373134328358209,0.05313432835820898,0.31343283582089554,0.19328358208955224,1
EID-6539,8,0.07,0.07,0.0,0.0,0.0,0.07,0.07,0.07,0.07,0.0,0.0,1.0,1,1.0,1,1,0.0,0.0,0.25,0.5,0.0,0.0,-0.7142857142857142,0.0,0.0,0.0,8.0,0.56,0.0,0.0,11
EID-6542,322,5.271956521739124,4.01,2.973235054564731,1.365915351288474,2.158741033398362,1.82,2.1705,10.7975,12.82349999999999,0.0,0.0,0.9968944099378882,1,1.0,32,20,0.0,0.453416149068323,0.922360248447205,0.08385093167701863,0.0,0.0,2173.8928571428564,-0.606195707506117,0.0,0.0,10.0625,53.04906249999994,0.0,0.0,4
EID-6545,600,4.459066666666661,3.885,2.3972020687639937,1.9264542055997205,5.155557988723638,1.84,2.1780000000000004,9.416999999999994,10.564999999999996,0.0,0.0,0.9883333333333333,1,1.0,82,49,0.045,0.37166666666666665,0.9133333333333333,0.2433333333333333,0.0,0.0,0.052248608302233324,3.3011551645564507,0.0,0.0,7.317073170731708,32.627317073170694,0.0,0.0,2
EID-6558,192,0.3967187499999998,0.07,1.713158548902585,8.73977310233842,82.94966537827239,0.01,0.01,1.91,1.91,28.0,3.4,1.0,1,1.0,73,21,0.0,0.036458333333333336,0.052083333333333336,0.9791666666666666,1.0,0.0,-0.9999677530807325,1086.1428571428564,0.12727272727272726,0.042729671986929764,2.6301369863013697,1.043424657534246,0.3835616438356164,0.04657534246575342,4
EID-6578,75971,17.323146727040427,14.43,17.29173751358025,3.889126237863944,26.49824876555421,7.22,7.23,36.86,72.65,5.0,314.72999999999996,0.9906806544602546,1,1.0,103,102,0.0026983980729488885,0.23926235010727778,0.47277250529807424,0.0025974333971560126,1.0,0.0,5803.803547963434,0.9792191002254107,6.581025587027482e-05,0.0002390890395371765,737.5825242718447,12777.250291262024,0.04854368932038835,3.0556310679611647,4
EID-6586,5107,9.409631877814688,8.01,5.390133638419156,22.429680820160186,793.3617429362889,5.5375000000000005,7.16,16.026999999999997,18.75,0.0,0.0,0.9913843743880948,1,1.0,102,54,0.0,0.0,0.6109261797532798,0.19898162099812777,0.0,0.0,-0.9808005783020682,0.8627556925987736,0.0,0.0,50.068627450980394,471.12735294117266,0.0,0.0,4
EID-6603,82474,32.603572277323885,29.43,17.852312916478997,2.8869275458212815,51.881307258607514,8.58,10.946500000000006,65.22699999999982,76.94350000000006,0.0,0.0,0.9946892353953973,1,1.0,111,109,0.018636176249484687,0.3022892062953173,0.7033731842762567,0.17766527234771679,1.2125033343841695e-05,0.0,30.385108184793083,0.7399870605662926,0.0,0.0,743.009009009009,24224.74792792802,0.0,0.0,15
EID-6618,4538,5.509817100044041,3.9,6.3830789015688,19.43341995411184,691.3556999588819,1.83,1.84,11.511499999999996,15.313749999999954,0.0,0.0,0.0,1,1.0,34,27,0.0,0.023358307624504186,0.3664609960334949,0.11172793632769729,0.0,0.0,0.0,-0.9853572744681894,0.0,0.0,133.47058823529412,735.3985294117605,0.0,0.0,2
EID-6619,3190,6.27576489028217,5.43,2.8695316043946155,3.7943567119098542,35.989357770928045,2.57,3.67,11.01,12.142000000000007,0.0,0.0,0.0,1,1.0,28,20,0.0,0.0,0.5213166144200627,0.08463949843260188,0.0,0.0,0.0,-0.19932609569440196,0.0,0.0,113.92857142857143,714.9889285714329,0.0,0.0,5
EID-676,47355,2.6720937598987473,2.31,7.901568817995822,87.53095874592236,9004.521712471418,0.86,0.88,5.2,6.08,0.0,0.0,0.0,1,1.0,328,225,0.0,0.0,0.1151937493400908,0.21784622293812084,0.00019005384859043396,0.042362677960172235,0.13731742974592365,-0.417439779241057,0.0,0.0,144.375,385.7835365853816,0.0,0.0,4
EID-6884,4,0.07,0.07,0.0,0.0,0.0,0.07,0.07,0.07,0.07,0.0,0.0,1.0,1,1.0,1,1,0.0,0.0,0.5,0.5,0.0,0.0,0.0,-0.9999874449877476,0.0,0.0,4.0,0.28,0.0,0.0,1
EID-694,25947,7.241011292249503,6.2,8.586811401315792,92.11520952493098,11937.787877546225,2.58,4.05,14.53,17.07,0.0,0.0,0.0,1,1.0,329,329,0.024087563109415348,0.2611862643080125,0.4574324584730412,0.07483482183129075,0.0,-0.05867490119118557,0.15402489830140786,-0.4023645475321723,0.0,0.0,78.86626139817629,571.0714893616956,0.0,0.0,1
EID-70,10431,8.637115329306877,7.4,4.981490973619744,2.1886625901269525,9.750248225954909,2.36,3.97,18.155,21.165,0.0,0.0,0.0,1,1.0,329,326,0.03633400440993193,0.35835490365257405,0.4338989550378679,0.026318119313553545,0.00019173617102866456,-0.06956588967490218,0.004942374965724028,-0.3398895171065739,0.0,0.0,31.70516717325228,273.84118541033445,0.0,0.0,2
EID-707,115219,7.321794756073247,6.55,4.671086978132336,25.858688777273525,2746.9613046000395,2.59,3.97,14.83,17.45,0.0,0.0,0.0,1,1.0,329,329,0.032312379034707815,0.2833039689634522,0.34654006717642055,0.07935626072903279,0.0002082989784670931,0.09186561360854184,0.024189208577693355,-0.38864195851340533,0.0,0.0,350.209726443769,2564.163738601834,0.0,0.0,6
EID-750,33974,7.873362571378095,6.81,4.6549856072215,9.772951048769858,481.82327671885474,2.72,3.98,16.14,19.086749999999956,0.0,0.0,0.0,1,1.0,329,329,0.03349620297874845,0.28648378171542943,0.39480190734090775,0.03400978227027773,2.9434273267793017e-05,0.05837647925496836,0.04959230424415373,-0.348679408125828,0.0,0.0,103.26443768996961,813.0383586626122,0.0,0.0,1
EID-753,19478,5.710690522640709,5.47,2.4101199055769316,7.106703039947716,133.2014094758321,4.17,4.2,9.58,11.4,0.0,0.0,0.0,1,1.0,316,214,0.0,0.0,0.43248793510627376,0.12274194656950566,0.0,0.12276788918081749,0.07262169898886683,-0.5292798108920704,0.0,0.0,61.639240506329116,352.00262658226495,0.0,0.0,1
EID-775,136021,19.48617713441112,16.96,11.341403954153403,1.6632119394015805,5.264535466419694,5.2,6.48,40.97,48.22,0.0,0.0,0.0,1,1.0,329,328,0.04062607979650201,0.3482771042706641,0.35085023636056195,0.04144800290488959,2.940722388454724e-05,0.07044802255759008,-0.004903588512829349,-0.4126478350966538,0.0,0.0,413.4376899696049,8056.320060789468,0.0,0.0,22
EID-78,67489,4.378206967061107,3.46,11.136032223166179,144.3338698407768,29534.297866446756,1.32,1.44,8.67,10.88,0.0,0.0,0.0,1,1.0,328,225,0.0,0.0,0.19643201114255657,0.09525256329897147,2.9634458948865743e-05,0.19746066655756778,0.1886117507808176,-0.32039212648761395,0.0,0.0,205.7591463414634,900.8561280487411,0.0,0.0,2
EID-79,8458,14.645645542681526,11.934999999999999,10.95792275281044,6.277762034431123,114.34733129729217,3.64,5.322500000000002,31.99,40.535749999999986,0.0,0.0,0.0,1,1.0,329,329,0.03913454717427288,0.3494916055805155,0.6721447150626626,0.11010291012170859,0.00023646252069047056,-0.10054025142422096,0.34949012453564765,-0.36905936379350357,0.0,0.0,25.70820668693009,376.5132826747731,0.0,0.0,3
EID-793,23519,8.669784004421878,7.16,5.947992802768166,7.620609788859785,184.90815071548525,2.54,3.99,18.800999999999988,22.06,0.0,0.0,0.0,1,1.0,329,329,0.04498490582082572,0.31553212296441174,0.5129469790382244,0.06490073556175258,0.0,0.046262514519410436,0.07768213376206012,-0.3548210020829007,0.0,0.0,71.48632218844985,619.7709726443712,0.0,0.0,1
EID-794,3162,19.59975332068313,17.96,23.047494204788656,6.005367328743974,56.08088795224116,2.87,4.3004999999999995,46.49699999999995,73.3995,0.0,0.0,0.0,1,1.0,328,268,0.0015812776723592662,0.044275774826059454,0.8130929791271347,0.03048975400080256,0.0006325110689437065,-0.5158326874860786,-0.08745830078117756,-0.3678471502966244,0.0,0.0,9.640243902439025,188.94640243902455,0.0,0.0,1
EID-80,12619,8.22403914731756,7.16,4.722308974077446,2.3075248789391014,10.874302476045868,2.36,3.98,17.340999999999987,20.505499999999994,0.0,0.0,0.0,1,1.0,329,325,0.033283144464696095,0.33108804184166735,0.4100958871542911,0.04069655328063437,7.924558205880022e-05,-0.05919354108161601,0.12904595622529014,-0.3699018488579673,0.0,0.0,38.35562310030395,315.4381458966574,0.0,0.0,2
EID-805,21159,6.286890212202812,6.07,3.18539694685678,14.087262110603964,765.5187553286011,2.25,2.44,10.990999999999985,13.140499999999994,0.0,0.0,0.0,1,1.0,328,233,0.0,0.08426674228460702,0.32307765017250345,0.04723934332748392,0.0,0.14876464764331865,0.1351052286195531,-0.20542171153403876,0.0,0.0,64.50914634146342,405.5619207317052,0.0,0.0,1
EID-817,1173,8.607570332480831,4.46,16.5686262016841,7.557836217221288,74.85332859904707,2.553,2.57,24.523999999999884,43.21000000000001,0.0,0.0,0.0,1,1.0,327,146,0.01278772378516624,0.4484228473998295,0.7536231884057971,0.16967372589719376,0.00937766410912191,-0.8786611638539665,2.8858185219831616,0.4830209391565632,0.0,0.0,3.5871559633027523,30.876697247706467,0.0,0.0,2
EID-820,14933,7.799811156499014,6.87,4.628225053830662,4.129711948357853,43.567725769493386,2.57,3.9160000000000004,15.92,19.63,0.0,0.0,0.0,1,1.0,329,327,0.025848791267662225,0.26270675684725103,0.5203910801580393,0.1662390544548391,0.00026786312194468625,0.11707609130673347,-0.12727584794410984,-0.3216979688325813,0.0,0.0,45.389057750759875,354.0260790273549,0.0,0.0,1
EID-833,3197,19.144942133249895,16.24,16.101951959913627,10.07778284636371,242.7154387664175,3.97,4.01,39.105999999999966,49.291,0.0,0.0,0.0,1,1.0,329,322,0.06850172036284016,0.41257428839537064,0.673131060369096,0.05676810906064278,0.0,0.02364111498258037,0.004874191281765583,-0.2650520349742751,0.0,0.0,9.717325227963526,186.03762917933102,0.0,0.0,3
EID-862,41805,7.730374117928686,6.62,4.491722177145264,3.7929327653672713,54.08645132905068,2.6610000000000014,3.99,15.96,19.089000000000013,0.0,0.0,0.0,1,1.0,329,329,0.03356057887812463,0.31056093768687953,0.4245664394211219,0.04804817979192466,9.568233464896544e-05,-0.1496445947192322,0.04832018085788303,-0.25903904943048883,0.0,0.0,127.06686930091185,982.274437689996,0.0,0.0,3
EID-865000540,82,23.548292682926828,20.215,16.980584323357714,2.5025627677700335,8.357903407802091,8.413499999999999,10.1215,54.00100000000001,65.10774999999995,0.0,0.0,1.0,1,1.0,7,6,0.0,0.18292682926829268,1.0,0.18292682926829273,0.0,0.0,-0.9692226869995594,0.0,0.0,0.0,11.714285714285714,275.8514285714285,0.0,0.0,1
EID-865000753,2836,8.007108603667113,5.635,7.443934478873871,2.0887469392078506,7.672214012492919,1.22,1.23,22.82,27.72,0.0,0.0,1.0,1,1.0,8,8,0.0,0.25423131170662905,0.8656558533145275,0.1375176304654443,0.0,0.0,10.760036458549083,0.0,0.0,0.0,354.5,2838.519999999992,0.0,0.0,8
EID-865000790,1151,1.380651607298001,1.29,1.2799622994769018,17.52968264012314,463.4134978525368,0.36,0.36,2.53,3.25,0.0,0.0,1.0,1,1.0,10,9,0.0,0.10165073848827107,0.2545612510860122,0.2267593397046047,0.0,0.0,-0.9300194291391287,0.0,0.0,0.0,115.1,158.91299999999993,0.0,0.0,4
EID-865000966,11356,26.82032934131714,24.46,16.393316111122168,3.508077630294486,56.805412117624826,7.52,9.2,55.97,66.26375,0.0,0.0,1.0,1,1.0,7,6,0.0,0.2725431489961254,0.9528883409651285,0.13739653899833504,0.0,0.0,190.65937336781613,0.0,0.0,0.0,1622.2857142857142,43510.23714285678,0.0,0.0,50
EID-865001062,1611,28.575176908752322,25.98,16.10358481028294,1.8930536321113558,6.4144210073537415,9.22,10.219999999999999,58.935,72.3725,0.0,0.0,1.0,1,1.0,7,6,0.0,0.2576039726877716,0.9826194909993793,0.14400993171942889,0.0,0.0,-0.8488545848290666,0.0,0.0,0.0,230.14285714285714,6576.372857142856,0.0,0.0,9
EID-865001162,260,4.636307692307692,3.7,7.068527792682517,13.223024859480837,198.20454057610849,1.08,1.15,8.247499999999995,10.0505,0.0,0.0,1.0,1,1.0,4,4,0.0,0.0,0.6615384615384615,0.33461538461538465,0.0,0.0,-0.9738144843629608,0.0,0.0,0.0,65.0,301.35999999999996,0.0,0.0,2
EID-865001197,50,10.412800000000002,9.015,5.514058485325653,1.1609566148482644,0.9791113211688414,2.97775,3.5989999999999998,21.586499999999997,23.462249999999997,0.0,0.0,1.0,1,1.0,7,5,0.0,0.14,0.94,0.0,0.0,0.0,-0.5680913193522696,0.0,0.0,0.0,7.142857142857143,74.37714285714287,0.0,0.0,1
EID-865001268,94,6.2119148936170205,4.33,3.433440631978975,1.8145468917325274,3.594705447411743,3.24325,3.59,12.412999999999997,16.818999999999996,0.0,0.0,1.0,1,1.0,4,4,0.0,0.0,0.7659574468085106,0.07446808510638303,0.0,0.0,0.12154271665642247,0.0,0.0,0.0,23.5,145.98,0.0,0.0,1
EID-865001442,338,12.054349112426038,10.61,7.034315994030379,1.4877543184359856,2.993875364953367,2.81425,4.95,25.318499999999993,30.81025,0.0,0.0,1.0,1,1.0,7,5,0.0,0.19230769230769232,0.9437869822485208,0.17455621301775148,0.0,0.0,5.977616796821485,0.0,0.0,0.0,48.285714285714285,582.0528571428573,0.0,0.0,1
EID-865002050,12504,11.034779270633546,8.46,9.321472059140614,5.7356708583686355,150.710278051896,1.22,1.23,27.135499999999958,32.956999999999965,0.0,0.0,1.0,1,1.0,8,8,0.0,0.2189699296225208,0.8433301343570058,0.11668266154830453,0.0,0.0,32.86508343621267,0.0,0.0,0.0,1563.0,17247.360000000233,0.0,0.0,18
EID-865002101,843,42.55959667852907,20.64,256.8768433112031,19.223394784942673,380.5023364173714,5.4005,9.084,67.148,82.50599999999997,0.0,0.0,1.0,1,1.0,7,6,0.0,0.22182680901542112,0.9478054567022538,0.2170818505338078,0.0,0.0,-0.739976581923266,0.0,0.0,0.0,120.42857142857143,5125.391428571429,0.0,0.0,1
EID-865002369,30,26.340666666666667,23.57,16.24610975891923,1.2944031904806585,2.586626697356008,3.61,4.258,58.656499999999916,71.8705,0.0,0.0,1.0,1,1.0,5,3,0.0,0.5333333333333333,0.8,0.23333333333333328,0.0,0.0,-0.9779746438878257,0.0,0.0,0.0,6.0,158.044,0.0,0.0,1
EID-865002569,3831,13.447240929261302,11.28,9.70559619110056,1.5067743905437265,4.977783059187351,1.74,2.17,31.585,36.36,0.0,0.0,1.0,1,1.0,43,31,0.0,0.3051422605063952,0.8640041764552336,0.10858783607413203,0.0,0.0,53.80686391131589,-0.8105056906709573,0.0,0.0,89.09302325581395,1198.0553488372104,0.0,0.0,1
EID-865002585,18675,29.329983935742757,26.6,15.880233188987358,1.9566746661517627,9.618654420984452,9.68,11.0,58.85,68.73149999999998,0.0,0.0,1.0,1,1.0,76,60,0.02174029451137885,0.33076305220883534,0.8908165997322623,0.15023302061436283,0.0,0.0,20.362130646163614,1.1242712124623337,0.0,0.0,245.72368421052633,7207.071710526263,0.0,0.0,9
EID-865002675,51,57.48882352941179,49.96,59.009219572777226,3.150179774312459,12.926495254969787,0.07,0.07,125.09,221.9525,0.0,0.0,1.0,1,1.0,74,24,0.0196078431372549,0.23529411764705882,0.9019607843137255,0.27450980392156865,0.0,0.0,-0.9976468002922932,1.3455008101508477,0.0,0.0,0.6891891891891891,39.62067567567569,0.0,0.0,15
EID-865002688,136139,11.51748683330747,8.84,9.61909317450059,5.574761272514808,161.20468665277915,1.24,1.4,28.350999999999914,33.85,0.0,0.0,1.0,1,1.0,84,70,0.015447447094513695,0.281712073689391,0.5083627762801255,0.11861194738278091,0.0,0.0,270.42829899538106,0.8103286472153672,0.0,0.0,1620.702380952381,18666.418333329115,0.0,0.0,20
EID-865002970,111921,27.750702281073284,25.41,93.67480249664752,318.3674869446165,104709.13666206409,7.62,9.32,55.83,65.29,0.0,0.0,1.0,1,1.0,76,61,0.0187542999079708,0.3472806711877128,0.7109389658777173,0.13843464002066463,0.0,0.0,-0.013757024812824592,1.1178918236458038,0.0,0.0,1472.6447368421052,40866.925657894775,0.0,0.0,43
EID-865003423,322,0.9734782608695672,0.81,0.8542842449542355,10.533621278123679,155.11533276899632,0.36,0.36,1.9749999999999988,2.2384999999999984,0.0,0.0,1.0,1,1.0,74,34,0.0,0.0,0.33540372670807456,0.08074534161490687,0.0,0.0,-0.9999380112266703,0.39684967120354786,0.0,0.0,4.351351351351352,4.2359459459459545,0.0,0.0,1
EID-865003448,3149,12.412210225468446,9.86,7.750031885347167,2.408926328750825,13.737021236361132,2.87,4.99,27.007999999999996,31.63,0.0,0.0,1.0,1,1.0,75,52,0.01841854557002223,0.31597332486503654,0.7735789139409336,0.20165131787869162,0.0,0.0,76.22585942631932,0.7705630007045816,0.0,0.0,41.986666666666665,521.1473333333352,0.0,0.0,1
EID-865003619,2393,5.385407438361883,4.29,3.788675765808275,1.4345516788814268,2.9325396859779045,1.17,1.24,12.92,14.663999999999996,0.0,0.0,1.0,1,1.0,76,54,0.027162557459256165,0.42582532386126204,0.6477225240284162,0.15822755079107487,0.0,0.0,-0.8276881293179756,0.9942008512852953,0.0,0.0,31.486842105263158,169.56947368421032,0.0,0.0,1
EID-865003672,931,7.118721804511284,4.74,16.637679415154288,26.066227257637934,746.5286803861744,3.61,3.62,13.09,17.455000000000002,0.0,0.0,1.0,1,1.0,75,43,0.0,0.0,0.706766917293233,0.10848549946294306,0.0,0.0,-0.6775281946127325,0.3944772819238145,0.0,0.0,12.413333333333334,88.36706666666673,0.0,0.0,1
EID-865003770,10094,1.4229591836734345,1.42,1.0011038151091725,17.640368884164918,743.6858031553194,0.36,0.37,2.57,3.26,0.0,0.0,1.0,1,1.0,75,61,0.0006934812760055479,0.040915395284327326,0.0592431147216168,0.24499702793738853,0.0,0.0,0.35814534327885394,0.7400410528765715,0.0,0.0,134.58666666666667,191.51133333332862,0.0,0.0,3
EID-865003787,16213,30.01992105100843,27.08,17.962258542095107,1.964213948021,8.422644519098077,7.12,9.39,63.40199999999999,74.81799999999996,0.0,0.0,1.0,1,1.0,83,64,0.014432862517732684,0.33386788379695304,0.90452106334423,0.18485850615805022,0.0,0.0,17.295955743296226,0.9164844087295596,0.0,0.0,195.33734939759037,5864.0118072289115,0.0,0.0,6
EID-865003934,286,18.46437062937063,9.31,24.681308918964973,3.2158592306156453,11.768794468033345,2.96,3.1025,68.5625,96.45625,0.0,0.0,1.0,1,1.0,41,25,0.0,0.045454545454545456,0.6398601398601399,0.17832167832167833,0.0,0.0,-0.9854328022806399,-0.8665406029594207,0.0,0.0,6.975609756097561,128.80024390243904,0.0,0.0,1
EID-865003961,2556,4.821619718309879,3.085,9.17540753120776,18.07187538984512,402.17981399131503,1.1,1.16,9.01,11.45,0.0,0.0,1.0,1,1.0,75,39,0.0,0.0,0.2883411580594679,0.37128325508607196,0.0,0.0,5.761173386513131,0.9314871682647397,0.0,0.0,34.08,164.3208000000007,0.0,0.0,2
EID-865003982,400,27.994350000000022,22.990000000000002,21.777881620975982,1.850855875443651,4.933710755278225,3.62,5.053500000000001,63.15999999999996,91.66299999999971,0.0,0.0,1.0,1,1.0,73,39,0.0,0.4925,0.735,0.18500000000000005,0.0,0.0,-0.5644892937587676,1.166459297130383,0.0,0.0,5.47945205479452,153.3936986301371,0.0,0.0,1
EID-865003983,533,11.222495309568487,8.78,12.397407971056843,9.452727237271505,125.00254067731787,2.8930000000000002,2.94,24.283999999999974,30.36699999999997,0.0,0.0,1.0,1,1.0,76,52,0.0,0.18574108818011256,0.6885553470919324,0.05065666041275796,0.0,0.0,-0.7383017158788625,0.9833812974757719,0.0,0.0,7.0131578947368425,78.70513157894742,0.0,0.0,1
EID-865004125,30061,8.169766474834791,5.72,8.740267724669001,11.105991887694776,470.2988465249677,1.23,1.25,23.14,28.675,0.0,0.0,1.0,1,1.0,76,63,0.015235687435547719,0.3036159808389608,0.6156481820298726,0.15359281530789703,0.0,0.0,19.283331070104875,1.044806475648799,0.0,0.0,395.5394736842105,3231.465131579061,0.0,0.0,7
EID-865004280,314,4.026942675159235,3.62,2.198598497073977,1.6015252879241486,3.6978856238894604,1.0252500000000002,1.45,8.7,9.869500000000004,0.0,0.0,1.0,1,1.0,42,28,0.0,0.31210191082802546,0.9235668789808917,0.23248407643312097,0.0,0.0,-0.9938387428777575,-0.755685452523642,0.0,0.0,7.476190476190476,30.10619047619047,0.0,0.0,1
EID-865004323,9353,35.13046081471146,32.9,19.207755664975622,1.820248797498351,7.249020399556175,9.357999999999999,12.006,69.90799999999997,81.0299999999999,0.0,0.0,1.0,1,1.0,83,63,0.013792366085747888,0.3340104779215225,0.9344595317010584,0.170233719651395,0.0,0.0,777.9550489386485,-0.3009813736583674,0.0,0.0,112.6867469879518,3958.7373493975456,0.0,0.0,3
EID-865004516,7,0.07,0.07,0.0,0.0,0.0,0.07,0.07,0.07,0.07,0.0,0.0,0.0,1,1.0,29,5,0.0,0.0,0.2857142857142857,0.0,0.0,0.0,-0.9999979287494241,-0.25,0.0,0.0,0.2413793103448276,0.016896551724137933,0.0,0.0,1
EID-865004798,9121,34.41848810437445,22.22,127.85918468604507,39.177244529983696,1884.811114950622,5.26,9.31,71.76,91.71,0.0,0.0,1.0,1,1.0,76,57,0.014801008661330994,0.3821949347659248,0.8845521324416182,0.2126330019983378,0.0,0.0,481102.2857142829,1.1072530806918288,0.0,0.0,120.01315789473684,4130.671447368412,0.0,0.0,1
EID-865004939,879,28.22168373151307,25.77,16.532151063969582,2.242691592925099,9.779910996856252,8.5495,11.109,57.36399999999999,67.00349999999996,0.0,0.0,1.0,1,1.0,40,31,0.04209328782707622,0.3890784982935154,0.9738339021615472,0.1877133105802048,0.0,0.0,0.0,-0.8834808036511531,0.0,0.0,21.975,620.1714999999997,0.0,0.0,1
EID-865004957,272,19.09882352941177,9.434999999999999,26.834273179294318,3.717164957284494,16.0131909697393,3.01325,3.261,59.20099999999999,95.47199999999864,0.0,0.0,1.0,1,1.0,40,26,0.0,0.15808823529411764,0.6948529411764706,0.2095588235294118,0.0,0.0,0.0,-0.7905869586074172,0.0,0.0,6.8,129.87200000000004,0.0,0.0,1
EID-865004984,280,4.540285714285709,4.03,2.8573503135128724,2.5403875579989657,10.820811037447063,0.73,1.47,9.5305,11.044749999999977,0.0,0.0,1.0,1,1.0,40,29,0.014285714285714285,0.44285714285714284,0.9178571428571428,0.22857142857142854,0.0,0.0,0.0,-0.7552821239374157,0.0,0.0,7.0,31.78199999999996,0.0,0.0,1
EID-865004988,3135,13.100424242424218,10.15,10.286698444135817,2.5145308374630106,19.64455507610445,1.5155000000000012,2.05,31.194999999999986,37.553000000000004,0.0,0.0,1.0,1,1.0,40,35,0.03891547049441786,0.3339712918660287,0.8494417862838916,0.11706539074960132,0.0,0.0,0.0,31.305888553269128,0.0,0.0,78.375,1026.745749999998,0.0,0.0,1
EID-865004995,6873,9.123019060090192,7.19,8.045290571898443,2.44297541692786,12.279029400784994,1.24,1.25,24.8,30.157999999999983,0.0,0.0,1.0,1,1.0,41,37,0.020224065182598575,0.2770260439400553,0.6713225665648188,0.20166029437787425,0.0,0.0,0.0,0.5267292316525294,0.0,0.0,167.6341463414634,1529.3295121951192,0.0,0.0,2
EID-865004996,3900,35.922320512820505,33.4,17.91744388459525,1.7764445999100873,6.757477227962713,12.80475,13.72,70.7815,81.052,0.0,0.0,1.0,1,1.0,41,34,0.06615384615384616,0.39487179487179486,0.9728205128205129,0.18958461538461546,0.0,0.0,0.0,1.2343132675231057,0.0,0.0,95.1219512195122,3417.001219512194,0.0,0.0,1
EID-870,31666,7.182754373776261,6.46,4.639557866612719,15.167283124811616,755.4935940923345,3.06875,4.07,14.28,17.18,0.0,0.0,0.0,1,1.0,329,329,0.018000378955346428,0.18543548285227057,0.4405987494473568,0.08000391082172809,0.0001263184488094486,-0.05240371972053226,0.016912081803703627,-0.382613000936627,0.0,0.0,96.24924012158054,691.3346504559242,0.0,0.0,1
EID-874,9738,12.293029369480463,9.205,12.255193530672312,8.774873101917112,146.9741814405638,1.96425,2.35,29.57449999999999,37.145749999999985,0.0,0.0,0.0,1,1.0,329,329,0.0474430067775724,0.35756828917642225,0.747381392483056,0.508795190617721,0.0008215239268843705,0.06779779767687555,0.3321764077687497,-0.5491492237106119,0.0,0.0,29.598784194528875,363.8587234042576,0.0,0.0,1
EID-894,25616,4.132573782011286,3.52,3.797335885675322,35.545294219099716,2398.152777980955,1.54375,1.62,8.04,9.75,0.0,0.0,0.0,1,1.0,328,224,0.0,0.0,0.23067613991255465,0.09209329772128683,0.0,0.06497687537728236,0.03079665281994881,-0.4627370518944629,0.0,0.0,78.09756097560975,322.7439329268326,0.0,0.0,1
EID-897,20000,7.118779499999994,6.07,4.743963638660192,32.3118389180562,2660.4019110190575,2.58,3.59,14.41,17.09024999999998,0.0,0.0,0.0,1,1.0,329,329,0.0301,0.26055,0.37155,0.02757895499999996,0.0,0.03203831553870806,0.030440358467234585,-0.3526520428069507,0.0,0.0,60.790273556231,432.75255319148897,0.0,0.0,1
EID-901,21915,7.535825233857989,6.43,6.475801935850086,13.596414637086639,392.5461536615466,2.88,3.68,15.402999999999993,20.23,0.0,0.0,0.0,1,1.0,329,328,0.01592516541181839,0.14378279717088752,0.394569929272188,0.0695970144537763,0.0,-0.010074056092707395,0.0234521922730766,-0.327230224778728,0.0,0.0,66.61094224924013,501.96841945288094,0.0,0.0,1
EID-902,17199,8.453022850165798,7.17,12.041490544883008,53.98280514463789,3639.319374887902,3.57,4.04,17.25,20.510499999999993,0.0,0.0,0.0,1,1.0,329,329,0.03697889412175127,0.2680969823826967,0.42583871155299724,0.031284715261358564,0.0,0.04938721593559503,-0.013138050695989945,-0.3703809790220828,0.0,0.0,52.276595744680854,441.8952583586673,0.0,0.0,1
EID-911,6776,19.69923701298703,12.77,21.648525469179706,5.329794652396581,67.522479381079,2.53,2.91,56.0525,73.98125,0.0,0.0,0.0,1,1.0,324,190,0.0,0.0,0.5273022432113341,0.07067440347835063,0.00014757969303423848,-0.04081648901584234,0.0317566233991442,-0.9966986071711267,0.0,0.0,20.91358024691358,411.98157407407444,0.0,0.0,1
EID-914,23382,8.46870755281847,6.19,8.87032976915267,20.21187799377504,1014.2686267538494,3.18,3.69,19.63,26.504749999999987,0.0,0.0,0.0,1,1.0,252,250,0.028782824394833633,0.3273030536309982,0.3885895133008297,0.15048627891702338,8.553588230262595e-05,-0.23769693968996464,-0.309691678578201,0.0,0.0,0.0,92.78571428571429,785.7750793650852,0.0,0.0,9
EID-92,59,33.638644067796626,9.54,92.2377276849044,4.824000965096668,24.339365856473645,4.06,4.069,78.21499999999905,320.38399999999956,0.0,0.0,0.0,1,1.0,123,42,0.0,0.0,0.9661016949152542,0.1467968974432634,0.0,-0.8322183191823622,0.0,0.0,0.0,0.0,0.4796747967479675,16.13560975609757,0.0,0.0,10
EID-921,16064,7.1033870766931715,6.38,4.5300379128461294,8.965867051251996,208.99146212137993,2.2957500000000004,3.67,14.3,17.382749999999977,0.0,0.0,0.0,1,1.0,329,329,0.026705677290836654,0.1838894422310757,0.44235557768924305,0.12453104818028682,0.0001245019920318725,0.05342521667889444,-0.0473236967118299,-0.35394253664625486,0.0,0.0,48.82674772036474,346.8352887537967,0.0,0.0,1
EID-927,23615,11.007042134236695,9.58,6.946354321695849,2.6494002186580077,16.12824274529373,1.81,2.93,23.58,28.19649999999998,0.0,0.0,0.0,1,1.0,329,326,0.039889900486978616,0.29112852000846917,0.7868727503705272,0.5252520618330012,0.0013127249629472793,-0.048668379899589276,0.03342414277852557,-0.1339490425100055,0.0,0.0,71.77811550151975,790.064741641336,0.0,0.0,11
EID-929,47896,6.382915692333501,5.39,4.596454224963775,17.815858165197817,553.3129667219187,2.57,3.33,11.15,13.5525,0.0,0.0,0.0,1,1.0,329,327,0.012527142141306163,0.09812928010689828,0.2853682979789544,0.10370003277241546,0.00012527142141306163,0.0013819145755662454,-0.04983214218544396,-0.32135307155472326,0.0,0.0,145.580547112462,929.2283586626303,0.0,0.0,1
EID-937,549,298.0576320582878,96.62,557.6369516349228,5.471372833080761,46.9377836106313,10.407,13.27,1202.108,1657.271999999998,6.0,1205.85,0.0,1,1.0,327,117,0.0,0.15482695810564662,0.3151183970856102,0.014731205271382608,0.8214936247723132,-0.5569511388740933,-0.0023559914958084516,-0.16810430212957406,0.010810810810810811,0.007315298051455994,1.6788990825688073,500.4086850152906,0.01834862385321101,3.6876146788990822,36
EID-938,6786,10.91649425287363,8.1,7.858707943275234,3.500487167669983,29.94859152652103,2.57,3.6925,25.9075,32.52,0.0,0.0,0.0,1,1.0,30,30,0.05982905982905983,0.2976716769820218,0.896551724137931,0.40272362987232346,0.0,0.0,0.0,0.0,0.0,0.0,226.2,2469.311000000015,0.0,0.0,11
EID-944,18659,7.953399967844012,7.01,4.491259596327713,3.0048566773814764,28.232064826887214,2.6445000000000003,4.04,16.48,19.37649999999998,0.0,0.0,0.0,1,1.0,329,329,0.03869446379763117,0.3417117744788038,0.43962698965646607,0.04417126588466824,0.0,0.029493812375659623,0.003703945380102436,-0.3370396594162177,0.0,0.0,56.714285714285715,451.0713981762961,0.0,0.0,1
EID-983,33072,7.303760582970528,6.59,4.474338565976464,11.35124977052518,511.83665683993803,2.28,3.53,14.75,17.52,0.0,0.0,0.0,1,1.0,329,329,0.03126511852926947,0.25783139816158684,0.3887880986937591,0.06550145594289414,0.0,0.0703791773739253,-0.04200593844366529,-0.38035487142283075,0.0,0.0,100.52279635258358,734.1944376899736,0.0,0.0,1
EID-987,47,10.634255319148934,8.83,8.360575896713058,5.357496296316364,31.97969086834404,6.2555,7.03,20.29299999999997,24.183500000000002,0.0,0.0,0.0,1,1.0,289,37,0.0,0.0,0.6382978723404256,0.1525577184246265,0.0,-0.6381804895871392,-0.1241038069271938,-0.534931980631773,0.0,0.0,0.16262975778546712,1.7294463667820068,0.0,0.0,1
